ASIN,URL,Product,Reviews,Rating,Price
B0017QE1GK,https://www.amazon.com/Canon-PowerShot-Digital-Protective-Cleaning/dp/B0017QE1GK/ref=sr_1_305?qid=1568063189&s=electronics&sr=1-305,Canon PowerShot ELPH 180 Digital Camera (Silver) + 16GB SDHC Memory Card + Mini Table Tripod +Protective camera case with Deluxe Cleaning Bundle,139,4.4,159.0
B003PLIHB0,https://www.amazon.com/Canon-PowerShot-Replacement-Protective-Cleaning/dp/B003PLIHB0/ref=sr_1_146?qid=1568063060&s=electronics&sr=1-146,Canon PowerShot ELPH 190 IS Digital Camera (Black) with 10x Optical Zoom and Built-In Wi-Fi with 16GB SDHC + Replacement battery + Protective camera case Along with Deluxe Cleaning Bundle,195,4.4,169.99
B007JFOLMW,https://www.amazon.com/Canon-PowerShot-Flexible-Replacement-Protective/dp/B007JFOLMW/ref=sr_1_211?qid=1568063108&s=electronics&sr=1-211,Canon PowerShot ELPH 180 Digital Camera (Silver) + 32GB SDHC Memory Card + Flexible tripod + AC/DC Turbo Travel Charger + Replacement battery + Protective camera case with Deluxe Bundle,139,4.4,169.0
B00889ST2G,https://www.amazon.com/Sony-Premium-Compact-Digital-28-100mm/dp/B00889ST2G/ref=sr_1_25?qid=1568062956&s=electronics&sr=1-25,"Sony RX100 20.2 MP Premium Compact Digital Camera w/ 1-inch Sensor, 28-100mm ZEISS Zoom Lens, 3” LCD",757,4.1,368.0
B00DM8R866,https://www.amazon.com/Sony-Premium-Compact-Multi-Interface-DSCRX100M2/dp/B00DM8R866/ref=sr_1_260?qid=1568063150&s=electronics&sr=1-260,"Sony RX100 II 20.2 MP Premium Compact Digital Camera w/ 1-inch Sensor, MI (Multi-Interface) Shoe and tilt LCD Screen (DSCRX100M2/B)",319,3.8,548.0
B00GORMJTI,https://www.amazon.com/PANASONIC-Vario-SUMMILUX-F1-7-2-8-Megapixel-DMC-LX100K/dp/B00GORMJTI/ref=sr_1_177?qid=1568063082&s=electronics&sr=1-177,"PANASONIC LUMIX LX100 4K Point and Shoot Camera, 3.1X LEICA DC Vario-SUMMILUX F1.7-2.8 Lens with Power O.I.S., 12.8 Megapixel, DMC-LX100K (USA BLACK)",224,3.7,597.99
B00HNJWUBI,https://www.amazon.com/Sony-DSCW830-Digital-Camera-2-7-Inch/dp/B00HNJWUBI/ref=lp_330405011_1_13/130-1508546-3910369?s=photo&ie=UTF8&qid=1568062948&sr=1-13,Sony DSCW830 20.1 MP Digital Camera with 2.7-Inch LCD (Silver),1098,3.9,118.0
B00HNJWUC2,https://www.amazon.com/Sony-DSCW830-Digital-Camera-2-7-Inch/dp/B00HNJWUC2/ref=sr_1_154?qid=1568063060&s=electronics&sr=1-154,Sony DSCW830/B 20.1 MP Digital Camera with 2.7-Inch LCD (Black),1098,3.9,155.47
B00HTTKSZC,https://www.amazon.com/Sony-DSCH300-Digital-Camera-Black/dp/B00HTTKSZC/ref=sr_1_90?qid=1568063009&s=electronics&sr=1-90,Sony DSCH300/B Digital Camera (Black),290,3.7,178.0
B00I8BIB18,https://www.amazon.com/Sony-Cyber-Shot-DSC-HX400V-Digital-Camera/dp/B00I8BIB18/ref=sr_1_80?qid=1568062995&s=electronics&sr=1-80,Sony Cyber-Shot DSC-HX400V Wi-Fi Digital Camera,238,4.0,398.0
B00I8BIB1S,https://www.amazon.com/Sony-DSCWX350-Digital-Camera-Black/dp/B00I8BIB1S/ref=sr_1_79?qid=1568062995&s=electronics&sr=1-79,Sony DSCWX350 18 MP Digital Camera (Black),383,4.0,268.0
B00I8BIC9E,https://www.amazon.com/Sony-DSCW800-Digital-Camera-Silver/dp/B00I8BIC9E/ref=sr_1_27?qid=1568062956&s=electronics&sr=1-27,Sony (DSCW800) 20.1 MP Digital Camera (Silver),655,3.5,90.0
B00IN8VYC4,https://www.amazon.com/Sony-DSC-H300-Digital-Rechargeable-Batteries/dp/B00IN8VYC4/ref=sr_1_290?qid=1568063177&s=electronics&sr=1-290,Sony DSC-H300 Digital Camera w/Rechargeable AA Batteries &16GB SDHC Acc Bundle,258,4.2,219.99
B00IU9MCKY,https://www.amazon.com/Sony-Cybershot-DSCW830-20-1MP-Digital/dp/B00IU9MCKY/ref=sr_1_147?qid=1568063060&s=electronics&sr=1-147,Sony Cybershot DSCW830 20.1MP Digital Camera - Silver,21,3.6,112.5
B00K47O5BY,https://www.amazon.com/Canon-PowerShot-Flexible-Replacement-Protective/dp/B00K47O5BY/ref=sr_1_94?qid=1568063009&s=electronics&sr=1-94,Canon PowerShot ELPH 180 Digital Camera (Red) + 32GB SDHC Memory Card + Flexible tripod + AC/DC Turbo Travel Charger + Replacement battery + Protective camera case with Deluxe Bundle,139,4.4,169.0
B00KOUIBZW,https://www.amazon.com/PANASONIC-Vario-ELMARIT-Megapixels-Sensitivity-DMC-FZ1000/dp/B00KOUIBZW/ref=sr_1_53?qid=1568062983&s=electronics&sr=1-53,"PANASONIC LUMIX FZ1000 4K Point and Shoot Camera, 16X LEICA DC Vario-ELMARIT F2.8-4.0 Lens, 21.1 Megapixels, 1 Inch High Sensitivity Sensor, DMC-FZ1000 (USA BLACK)",335,4.3,597.99
B00L0Z9KM8,https://www.amazon.com/Canon-PowerShot-Digital-Protective-Cleaning/dp/B00L0Z9KM8/ref=sr_1_313?qid=1568063189&s=electronics&sr=1-313,Canon PowerShot ELPH 180 Digital Camera (Red) + 16GB SDHC Memory Card + Mini Table Tripod +Protective camera case with Deluxe Cleaning Bundle,139,4.4,159.0
B00M9AB81O,https://www.amazon.com/Sony-DSCWX220-Digital-Camera-2-7-Inch/dp/B00M9AB81O/ref=sr_1_87?qid=1568063009&s=electronics&sr=1-87,Sony DSCWX220/B 18.2 MP Digital Camera with 2.7-Inch LCD (Black),290,3.9,198.0
B00MANRV84,https://www.amazon.com/Canon-Powershot-Super-Zoom-Digital-Ultimate/dp/B00MANRV84/ref=sr_1_181?qid=1568063082&s=electronics&sr=1-181,Canon PowerShot SX530 HS 16.0 MP 50x Opt Zoom 1080p Full HD Digital Camera Black,296,4.4,259.0
B00NEWYE12,https://www.amazon.com/Canon-PowerShot-G7-Digital-Camera/dp/B00NEWYE12/ref=sr_1_131?qid=1568063048&s=electronics&sr=1-131,Canon PowerShot G7 X Digital Camera - Wi-Fi Enabled,302,4.7,583.88
B00RKNND2W,https://www.amazon.com/Canon-PowerShot-Digital-Camera-Optical/dp/B00RKNND2W/ref=sr_1_19?qid=1568062956&s=electronics&sr=1-19,Canon PowerShot SX530 Digital Camera w/ 50X Optical Zoom - Wi-Fi & NFC Enabled (Black),542,4.3,249.0
B00S4KXNSO,https://www.amazon.com/Fujifilm-FinePix-XP80-Waterproof-Yellow/dp/B00S4KXNSO/ref=sr_1_145?qid=1568063060&s=electronics&sr=1-145,Fujifilm FinePix XP80 Waterproof Digital Camera with 2.7-Inch LCD (Yellow),472,3.8,149.0
B00S6DBM2S,https://www.amazon.com/Olympus-OM-D-Mark-Black-Body/dp/B00S6DBM2S/ref=sr_1_279?qid=1568063163&s=electronics&sr=1-279,Olympus OM-D E-M5 Mark II (Black) (Body Only),138,4.4,899.0
B00SG30JHW,https://www.amazon.com/Panasonic-DMC-FZ1000-Digital-Camera-Accessory/dp/B00SG30JHW/ref=sr_1_163?qid=1568063071&s=electronics&sr=1-163,Panasonic LUMIX DMC-FZ1000 16X Long Zoom Digital Camera (Black) with 64GB Deluxe Accessory Bundle,20,4.7,599.99
B00T3ER1OW,https://www.amazon.com/Canon-PowerShot-SX410-IS-Black/dp/B00T3ER1OW/ref=sr_1_315?qid=1568063189&s=electronics&sr=1-315,Canon PowerShot SX410 IS (Black),326,4.0,225.0
B00THP23CW,https://www.amazon.com/Canon-Powershot-SX530-HS-Accessory/dp/B00THP23CW/ref=sr_1_125?qid=1568063033&s=electronics&sr=1-125,Canon Powershot SX530 HS Camera with 32GB Deluxe Accessory Kit,234,4.5,269.0
B00TU8BJEY,https://www.amazon.com/Panasonic-DMC-TS30-Waterproof-Digital-Battery/dp/B00TU8BJEY/ref=sr_1_300?qid=1568063177&s=electronics&sr=1-300,Panasonic Lumix DMC-TS30 Tough Shock & Waterproof Digital Camera (Red) with 64GB Card + Case + Battery + Flex Tripod + Float Strap + Kit,25,4.2,149.99
B00U2W4JEY,https://www.amazon.com/Nikon-COOLPIX-Digital-Camera-Optical/dp/B00U2W4JEY/ref=sr_1_33?qid=1568062970&s=electronics&sr=1-33,Nikon COOLPIX P900 Digital Camera with 83x Optical Zoom and Built-In Wi-Fi(Black),555,4.5,596.95
B00UAYPTMU,https://www.amazon.com/Nikon-Coolpix-Digital-Camera-Battery/dp/B00UAYPTMU/ref=sr_1_195?qid=1568063095&s=electronics&sr=1-195,Nikon Coolpix P900 Wi-Fi 83x Zoom Digital Camera with 64GB Card + Battery + Case + Tripod + Filter + Flash + Kit,24,3.9,483.99
B00UIIDP06,https://www.amazon.com/Canon-PowerShot-Stabilized-Complete-Accessory/dp/B00UIIDP06/ref=lp_330405011_1_5/130-1508546-3910369?s=photo&ie=UTF8&qid=1568062948&sr=1-5,Canon PowerShot SX530 HS Digital Camera with 50x Optical Image Stabilized Zoom with 3-Inch LCD HD 1080p Video (Black)+ Extra Battery + 24GB Class 10 Card Complete Deluxe Accessory Bundle And Much More,234,4.4,259.95
B00UKV5D4C,https://www.amazon.com/Olympus-Waterproof-Digital-Camera-3-Inch/dp/B00UKV5D4C/ref=sr_1_267?qid=1568063150&s=electronics&sr=1-267,Olympus TG-4 16 MP Waterproof Digital Camera with 3-Inch LCD (Black),551,4.1,408.95
B00VWJOK7M,https://www.amazon.com/Sony-DSCHX90V-Digital-Camera-3-Inch/dp/B00VWJOK7M/ref=sr_1_205?qid=1568063095&s=electronics&sr=1-205,Sony DSCHX90V/B Digital Camera with 3-Inch LCD (Black),220,4.0,448.0
B00VWJOLI0,https://www.amazon.com/Sony-DSCWX500-Digital-Camera-3-Inch/dp/B00VWJOLI0/ref=sr_1_213?qid=1568063108&s=electronics&sr=1-213,Sony DSCWX500/B Digital Camera with 3-Inch LCD (Black),87,4.2,348.0
B00XLJN5DQ,https://www.amazon.com/PIXPRO-Digital-Camera-Battery-Charger/dp/B00XLJN5DQ/ref=sr_1_266?qid=1568063150&s=electronics&sr=1-266,KODAK PIXPRO AZ421 Astro Zoom Digital Camera with 32GB Card + Case + Battery/Charger + Flex Tripod + Kit,38,4.7,209.95
B00YSU4I5Q,https://www.amazon.com/Sony-Cyber-shot-DSC-H300-Digital-Camera/dp/B00YSU4I5Q/ref=sr_1_70?qid=1568062995&s=electronics&sr=1-70,Sony Cyber-shot DSC-H300 20.1 MP Digital Camera - Black - Renewed,195,3.7,132.39
B00YSVZ46M,https://www.amazon.com/Sony-DSC-W810M-Digital-Optical-Renewed/dp/B00YSVZ46M/ref=sr_1_262?qid=1568063150&s=electronics&sr=1-262,Sony DSC-W810M - 20.1 MP Digital Camera with 6x Optical Zoom - Silver (Renewed),38,3.4,84.5
B00ZDWGM34,https://www.amazon.com/Sony-Premium-Compact-Digital-DSCRX100M4/dp/B00ZDWGM34/ref=sr_1_101?qid=1568063020&s=electronics&sr=1-101,"Sony RX100 IV 20.1 MP Premium Compact Digital Camera w/ 1-inch Sensor, 4K Movies and 40x Super Slow Motion HD DSCRX100M4/B",197,4.1,798.0
B00ZDWGR8E,https://www.amazon.com/Sony-DSC-RX10M-Cyber-shot-Digital-Camera/dp/B00ZDWGR8E/ref=sr_1_245?qid=1568063136&s=electronics&sr=1-245,Sony DSC-RX10M II Cyber-shot Digital Still Camera,66,4.1,998.0
B00ZY9JJEU,https://www.amazon.com/Ricoh-GR-II-Digital-Camera/dp/B00ZY9JJEU/ref=sr_1_45?qid=1568062970&s=electronics&sr=1-45,Ricoh GR II Digital Camera with 3-Inch LCD (Black),107,4.4,546.0
B0101S4N6W,https://www.amazon.com/Canon-PowerShot-Creator-Manfrotto-SanDisk/dp/B0101S4N6W/ref=sr_1_63?qid=1568062983&s=electronics&sr=1-63,"Canon PowerShot Video Creator Kit [G7 X Mark II] with Manfrotto PIXI MINI Tripod, SanDisk 32GB SD Card, and Canon Battery Pack - Black",326,4.3,699.0
B011PKJI2Y,https://www.amazon.com/PANASONIC-Features-Megapixel-2-3-inch-Dustproof/dp/B011PKJI2Y/ref=lp_330405011_1_9/130-1508546-3910369?s=photo&ie=UTF8&qid=1568062948&sr=1-9,"PANASONIC LUMIX FZ300 Long Zoom Digital Camera features 12.1 Megapixel, 1/2.3-inch Sensor, 4K Video, WiFi, Splash & Dustproof Camera Body, Leica DC 24X F2.8 Zoom Lens - DMC-FZ300K - (Black) USA",248,4.6,397.99
B012TPQSUE,https://www.amazon.com/Canon-PowerShot-Digital-Sandisk-Cleaning/dp/B012TPQSUE/ref=sr_1_91?qid=1568063009&s=electronics&sr=1-91,Canon PowerShot SX530 HS Digital Camera + Sandisk 32GB Memory Card + Tripod + Ritz Gear Bag + Card Reader + Cleaning Kit + Spare Battery Bundle,106,4.5,269.99
B0145331QW,https://www.amazon.com/Panasonic-DMC-FZ300K-Digital-Camera-Bundle/dp/B0145331QW/ref=sr_1_178?qid=1568063082&s=electronics&sr=1-178,Panasonic DMC-FZ300K Digital Camera with Digital Slave Flash and 64GB Card Bundle,25,4.4,459.99
B014ALWJA8,https://www.amazon.com/DxO-Digital-Connected-Discontinued-Manufacturer/dp/B014ALWJA8/ref=sr_1_304?qid=1568063177&s=electronics&sr=1-304,DxO ONE 20.2MP Digital Connected Camera for iPhone and iPad with Wi-Fi (Discontinued by Manufacturer),143,3.4,149.99
B0167Q0VP4,https://www.amazon.com/Canon-PowerShot-Digital-Camera-viewfinder/dp/B0167Q0VP4/ref=sr_1_237?qid=1568063122&s=electronics&sr=1-237,Canon PowerShot G5 X Digital Camera w/ 1 Inch Sensor and Built-in viewfinder - Wi-Fi & NFC Enabled (Black),75,3.8,699.0
B016N39J0O,https://www.amazon.com/Sony-Cyber-shot-DSC-RX1-Digital-Camera/dp/B016N39J0O/ref=sr_1_225?qid=1568063122&s=electronics&sr=1-225,Sony Cyber-shot DSC-RX1 RII Digital Still Camera,38,3.8,3298.0
B01727NLJ0,https://www.amazon.com/Nikon-P900-Ultimate-Accessory-Telephoto/dp/B01727NLJ0/ref=sr_1_297?qid=1568063177&s=electronics&sr=1-297,Nikon COOLPIX P900 Digital Camera with 83x Optical Zoom and Built-In Wi-Fi (Black) + Ultimate 96GB Accessory Kit. Includes 2X SanDisk Ultra Memory Cards + Wide Angle & Telephoto Lenses + MUCH MORE,66,4.2,729.0
B017WKRAMQ,https://www.amazon.com/Canon-Powershot-SX530-HS-Commander/dp/B017WKRAMQ/ref=sr_1_183?qid=1568063082&s=electronics&sr=1-183,Canon Powershot SX530 HS 16.0 MP Digital Camera with 50x Optical Zoom and 1080p Full HD Video Bundle with Commander 32GB High Speed Memory Card + Card Reader + Deluxe Case + Commander Starter Kit,81,4.5,259.0
B0195XJAZI,https://www.amazon.com/Kodak-Friendly-FZ43-RD-Digital-Optical/dp/B0195XJAZI/ref=sr_1_151?qid=1568063060&s=electronics&sr=1-151,"Kodak PIXPRO Friendly Zoom FZ43-RD 16MP Digital Camera with 4X Optical Zoom and 2.7"" LCD Screen (Red)",591,3.2,61.22
B019UDHV6S,https://www.amazon.com/Canon-Cameras-1084C001-PowerShot-Stabilization/dp/B019UDHV6S/ref=sr_1_31?qid=1568062956&s=electronics&sr=1-31,Canon Cameras US 1084C001 Canon PowerShot ELPH 190 Digital Camera w/ 10x Optical Zoom and Image Stabilization - Wi-Fi & NFC Enabled (Black),492,3.9,159.0
B019UDHZ50,https://www.amazon.com/Canon-PowerShot-Digital-Optical-Stabilization/dp/B019UDHZ50/ref=sr_1_83?qid=1568063009&s=electronics&sr=1-83,Canon PowerShot ELPH 190 Digital Camera w/ 10x Optical Zoom and Image Stabilization - Wi-Fi & NFC Enabled (Red),492,3.9,159.0
B019UDI3JC,https://www.amazon.com/Canon-PowerShot-Digital-Optical-Stabilization/dp/B019UDI3JC/ref=sr_1_149?qid=1568063060&s=electronics&sr=1-149,Canon PowerShot ELPH 360 Digital Camera w/ 12x Optical Zoom and Image Stabilization - Wi-Fi & NFC Enabled (Purple),285,3.8,209.0
B019UDIAI6,https://www.amazon.com/Canon-PowerShot-Digital-Camera-Optical/dp/B019UDIAI6/ref=sr_1_97?qid=1568063020&s=electronics&sr=1-97,Canon PowerShot SX540 Digital Camera w/ 50x Optical Zoom - Wi-Fi & NFC Enabled (Black),38,4.0,259.0
B019XLL4F6,https://www.amazon.com/Kodak-Friendly-FZ53-RD-Digital-Optical/dp/B019XLL4F6/ref=sr_1_28?qid=1568062956&s=electronics&sr=1-28,"Kodak PIXPRO Friendly Zoom FZ53-RD 16MP Digital Camera with 5X Optical Zoom and 2.7"" LCD Screen (Red)",263,3.8,74.0
B01A86MXVE,https://www.amazon.com/PANASONIC-Vario-ELMARIT-Megapixels-Sensitivity-DMC-ZS100S/dp/B01A86MXVE/ref=sr_1_156?qid=1568063060&s=electronics&sr=1-156,"PANASONIC LUMIX ZS100 4K Point and Shoot Camera, 10X LEICA DC Vario-ELMARIT F2.8-5.9 Lens with Hybrid O.I.S., 20.1 Megapixels, 1 Inch High Sensitivity Sensor, 3 Inch LCD, DMC-ZS100S (USA SILVER)",218,3.9,447.99
B01AA093UW,https://www.amazon.com/Canon-PowerShot-Digital-Optical-Stabilization/dp/B01AA093UW/ref=sr_1_61?qid=1568062983&s=electronics&sr=1-61,Canon PowerShot ELPH 360 Digital Camera w/ 12x Optical Zoom and Image Stabilization - Wi-Fi & NFC Enabled (Black),285,3.8,209.0
B01ABQK92G,https://www.amazon.com/Fujifilm-FinePix-XP90-Digital-Renewed/dp/B01ABQK92G/ref=sr_1_283?qid=1568063163&s=electronics&sr=1-283,Fujifilm FinePix XP90 Digital Camera (Renewed) (Blue),11,3.6,99.0
B01AKQK34G,https://www.amazon.com/Canon-PowerShot-Digital-Battery-Charger/dp/B01AKQK34G/ref=sr_1_134?qid=1568063048&s=electronics&sr=1-134,Canon PowerShot SX420 is Wi-Fi Digital Camera (Black) with 64GB Card + Case + Battery & Charger + Flex Tripod + Sling Strap + Kit,50,4.1,224.0
B01AW10G14,https://www.amazon.com/Olympus-V204060BU000-PEN-F-Body-Only-Black/dp/B01AW10G14/ref=sr_1_220?qid=1568063108&s=electronics&sr=1-220,Olympus PEN-F (Body-Only) (Black),68,4.3,999.0
B01B6YDD1G,https://www.amazon.com/Canon-PowerShot-180-Digital-Silver-Accessory/dp/B01B6YDD1G/ref=lp_330405011_1_18/130-1508546-3910369?s=photo&ie=UTF8&qid=1568062948&sr=1-18,Canon PowerShot ELPH 180 20MP 8X Zoom Digital Camera (Silver) + 32GB Card + Reader + Case + Accessory Bundle,457,4.6,154.95
B01B6YDFOQ,https://www.amazon.com/Canon-PowerShot-180-Digital-Red-Accessory/dp/B01B6YDFOQ/ref=sr_1_239?qid=1568063122&s=electronics&sr=1-239,Canon PowerShot ELPH 180 20MP 8X Zoom Digital Camera (Red) + 32GB Card + Reader + Case + Accessory Bundle,457,4.6,154.95
B01BV14OXA,https://www.amazon.com/Canon-PowerShot-Digital-Camera-Screen/dp/B01BV14OXA/ref=lp_330405011_1_10/130-1508546-3910369?s=photo&ie=UTF8&qid=1568062948&sr=1-10,"Canon PowerShot Digital Camera [G7 X Mark II] with Wi-Fi & NFC, LCD Screen, and 1-inch Sensor - Black",326,4.3,649.0
B01BVV6G72,https://www.amazon.com/Canon-PowerShot-ELPH-180-Accessory/dp/B01BVV6G72/ref=sr_1_52?qid=1568062983&s=electronics&sr=1-52,Canon PowerShot ELPH 180 20 MP Digital Camera (Red) + 32GB Card + Battery and Charger + Accessory Bundle,200,4.4,164.99
B01C7KIMX2,https://www.amazon.com/Canon-PowerShot-Replacement-Protective-Cleaning/dp/B01C7KIMX2/ref=sr_1_113?qid=1568063033&s=electronics&sr=1-113,Canon PowerShot ELPH 190 IS Digital Camera (Red) with 10x Optical Zoom and Built-In Wi-Fi with 16GB SDHC + Replacement battery + Protective camera case Along with Deluxe Cleaning Bundle,195,4.4,169.99
B01CG62CCE,https://www.amazon.com/Kodak-Friendly-FZ53-BK-Digital-Optical/dp/B01CG62CCE/ref=sr_1_67?qid=1568062995&s=electronics&sr=1-67,"Kodak PIXPRO Friendly Zoom FZ53-BK 16MP Digital Camera with 5X Optical Zoom and 2.7"" LCD Screen (Black)",263,3.8,69.97
B01CG62D00,https://www.amazon.com/Kodak-Friendly-FZ43-BK-Digital-Optical/dp/B01CG62D00/ref=sr_1_32?qid=1568062956&s=electronics&sr=1-32,"Kodak PIXPRO Friendly Zoom FZ43-BK 16MP Digital Camera with 4X Optical Zoom and 2.7"" LCD Screen (Black)",591,3.2,59.86
B01CQEN2U2,https://www.amazon.com/Sony-DSCHX80-Point-Shoot-Camera/dp/B01CQEN2U2/ref=sr_1_40?qid=1568062970&s=electronics&sr=1-40,Sony DSCHX80/B High Zoom Point & Shoot Camera (Black),206,4.1,318.0
B01CT9L5EE,https://www.amazon.com/Nikon-Coolpix-Digital-Batteries-Charger/dp/B01CT9L5EE/ref=sr_1_192?qid=1568063082&s=electronics&sr=1-192,Nikon Coolpix B500 Wi-Fi Digital Camera (Black) with 16GB Card + Case + Batteries & Charger + Tripod + Kit,11,4.3,261.0
B01CTAOFIQ,https://www.amazon.com/Nikon-Coolpix-Digital-Batteries-Charger/dp/B01CTAOFIQ/ref=sr_1_103?qid=1568063020&s=electronics&sr=1-103,Nikon Coolpix B500 Wi-Fi Digital Camera (Black) with 64GB Card + Case + Flash + Batteries & Charger + Tripod + Strap + Kit,227,4.3,259.0
B01CTBLKS8,https://www.amazon.com/Nikon-Coolpix-Digital-Batteries-Charger/dp/B01CTBLKS8/ref=sr_1_54?qid=1568062983&s=electronics&sr=1-54,Nikon Coolpix B500 Wi-Fi Digital Camera (Red) with 64GB Card + Case + Flash + Batteries & Charger + Tripod + Strap + Kit,227,4.3,258.0
B01CYT898Y,https://www.amazon.com/Nikon-Coolpix-Digital-Camera-Battery/dp/B01CYT898Y/ref=sr_1_229?qid=1568063122&s=electronics&sr=1-229,Nikon Coolpix A900 4K Wi-Fi Digital Camera (Silver) with 32GB Card + Case + Battery + Flex Tripod + Kit,9,3.4,289.99
B01CYTP2CA,https://www.amazon.com/Nikon-Coolpix-Digital-Battery-Charger/dp/B01CYTP2CA/ref=sr_1_203?qid=1568063095&s=electronics&sr=1-203,Nikon Coolpix A900 4K Wi-Fi Digital Camera (Silver) with 32GB Card + Case + Battery + Charger & Tripod + Kit,8,3.3,308.0
B01D0PCOSM,https://www.amazon.com/Canon-PowerShot-SX420-Digital-Accessory/dp/B01D0PCOSM/ref=sr_1_281?qid=1568063163&s=electronics&sr=1-281,"Canon PowerShot SX420 is Digital Camera (Black) with 20MP, 42x Optical Zoom, 720p HD Video and Built-in Wi-Fi + 32GB Card + Reader + Spare Battery + Tripod + Digital Camera Accessory Bundle",488,4.5,279.0
B01D0PKF0Q,https://www.amazon.com/Canon-PowerShot-SX420-Complete-Accessory/dp/B01D0PKF0Q/ref=lp_330405011_1_11/130-1508546-3910369?s=photo&ie=UTF8&qid=1568062948&sr=1-11,"Canon PowerShot SX420 IS Digital Camera (Black) with 20MP, 42x Optical Zoom, 720p HD Video & Built-In Wi-Fi + 64GB Card + Reader + Grip + Spare Battery and Charger + Tripod + Complete Accessory Bundle",488,4.5,289.99
B01D0PVYH4,https://www.amazon.com/Canon-PowerShot-SX420-Complete-Accessory/dp/B01D0PVYH4/ref=sr_1_155?qid=1568063060&s=electronics&sr=1-155,"Canon PowerShot SX420 is Digital Camera (Red) with 20MP, 42x Optical Zoom, 720p HD Video & Built-in Wi-Fi + 64GB Card + Reader + Grip + Spare Battery and Charger + Tripod + Complete Accessory Bundle",488,4.5,289.95
B01DJL36UW,https://www.amazon.com/Panasonic-DMC-ZS100-Digital-Battery-Charger/dp/B01DJL36UW/ref=sr_1_158?qid=1568063060&s=electronics&sr=1-158,Panasonic Lumix DMC-ZS100 4K Wi-Fi Digital Camera (Black) with 64GB Card + Battery & Charger + Case + Flash + LED Light & Bracket + Flex Tripod Kit,28,4.6,469.0
B01DLLJ8CU,https://www.amazon.com/Sony-DSC-RX10-Cyber-shot-Digital-Camera/dp/B01DLLJ8CU/ref=sr_1_233?qid=1568063122&s=electronics&sr=1-233,Sony DSC-RX10 III Cyber-shot Digital Still Camera,128,4.1,1298.0
B01EIO6D0O,https://www.amazon.com/Canon-ELPH-190-Black-Protectors/dp/B01EIO6D0O/ref=sr_1_82?qid=1568063009&s=electronics&sr=1-82,Canon PowerShot ELPH 190 is Digital Camera (Black) + Transcend 32GB Memory Card + Camera Case + USB Card Reader + Screen Protectors + Memory Card Wallet + Cleaning Pen + Great Value Accessory Bundle,61,4.4,169.95
B01EJXHE7A,https://www.amazon.com/Canon-ELPH-360-Black-Protectors/dp/B01EJXHE7A/ref=sr_1_157?qid=1568063060&s=electronics&sr=1-157,Canon PowerShot ELPH 360 HS Digital Camera (Black) + Transcend 32GB Memory Card + Camera Case + USB Card Reader + LCD Screen Protectors + Memory Card Wallet + Complete Accessory Bundle,44,4.2,209.0
B01EK2B4A8,https://www.amazon.com/Canon-ELPH-360-Silver-Protectors/dp/B01EK2B4A8/ref=sr_1_238?qid=1568063122&s=electronics&sr=1-238,Canon PowerShot ELPH 360 HS Digital Camera (Silver) + Transcend 32GB Memory Card + Camera Case + USB Card Reader + LCD Screen Protectors + Memory Card Wallet + Cleaning Pen + Complete Accessory Bundle,44,4.2,209.0
B01EKB66SY,https://www.amazon.com/PowerShot-Transcend-Protectors-Cleaning-Accessory/dp/B01EKB66SY/ref=sr_1_57?qid=1568062983&s=electronics&sr=1-57,Canon PowerShot ELPH 180 Digital Camera (Silver) + Transcend 16GB Memory Card + Point & Shoot Camera Case + USB Card Reader + LCD Screen Protectors + Memory Card Wallet + Cleaning Pen + Accessory Kit,85,4.3,139.0
B01EKFAXES,https://www.amazon.com/Canon-ELPH-180-Red-Protectors/dp/B01EKFAXES/ref=sr_1_76?qid=1568062995&s=electronics&sr=1-76,Canon PowerShot ELPH 180 Digital Camera (Red) + Transcend 16GB Memory Card + Camera Case + USB Card Reader + LCD Screen Protectors + Memory Card Wallet + Cleaning Pen + Ultimate Value Camera Bundle,85,4.3,139.0
B01ENTAO54,https://www.amazon.com/Nikon-COOLPIX-Optical-Digital-Batteries/dp/B01ENTAO54/ref=sr_1_168?qid=1568063071&s=electronics&sr=1-168,"Nikon COOLPIX B500 16MP 40x Optical Zoom Digital Camera 32GB Bundle Includes Camera, Bag, 32GB Memory Card, Reader, Wallet, AA Batteries + Charger, HDMI Cable, Tripod, Beach Camera Cloth and More",202,4.3,239.0
B01ENU2R30,https://www.amazon.com/Nikon-COOLPIX-32GB-Bundle-Batteries/dp/B01ENU2R30/ref=sr_1_269?qid=1568063150&s=electronics&sr=1-269,"Nikon COOLPIX B500 16MP 40x Optical Zoom Digital Camera 32GB Bundle Includes Camera, Bag, 32GB Memory Card, Reader, Wallet, AA Batteries + Charger, HDMI Cable, Tripod, Beach Camera Cloth and More",202,4.3,249.0
B01ERT02LG,https://www.amazon.com/Sony-Cyber-Shot-DSC-RX10-Digital-Battery/dp/B01ERT02LG/ref=sr_1_263?qid=1568063150&s=electronics&sr=1-263,Sony Cyber-Shot DSC-RX10 III 4K Wi-Fi Digital Camera with 64GB Card + Battery & Charger + Case + Tripod + 3 UV/CPL/ND8 Filters + Flash + Kit,4,5.0,1298.95
B01FFACPRA,https://www.amazon.com/Canon-PowerShot-Digital-Camera-Optical/dp/B01FFACPRA/ref=sr_1_85?qid=1568063009&s=electronics&sr=1-85,Canon PowerShot SX620 Digital Camera w/25x Optical Zoom - Wi-Fi & NFC Enabled (Red),294,4.2,249.0
B01FFACR4Q,https://www.amazon.com/Canon-PowerShot-Digital-Camera-Optical/dp/B01FFACR4Q/ref=sr_1_252?qid=1568063136&s=electronics&sr=1-252,Canon PowerShot SX620 Digital Camera w/25x Optical Zoom - Wi-Fi & NFC Enabled (Silver),294,4.2,249.0
B01FFACR50,https://www.amazon.com/Canon-PowerShot-Digital-Camera-Optical/dp/B01FFACR50/ref=sr_1_37?qid=1568062970&s=electronics&sr=1-37,Canon PowerShot SX620 Digital Camera w/25x Optical Zoom - Wi-Fi & NFC Enabled (Black),294,4.2,249.0
B01FL0DYGA,https://www.amazon.com/Canon-PowerShot-SX620-Transcend-Protectors/dp/B01FL0DYGA/ref=sr_1_197?qid=1568063095&s=electronics&sr=1-197,Canon PowerShot SX620 HS Digital Camera (Red) + Transcend 32GB Memory Card + Point & Shoot Camera Case + Card Reader + Card Wallet + Cleaning Kit + Screen Protectors + Tripod - Deluxe Accessory Kit,49,4.6,249.0
B01FMJH2TU,https://www.amazon.com/Canon-PowerShot-SX620-Black-Protectors/dp/B01FMJH2TU/ref=sr_1_162?qid=1568063071&s=electronics&sr=1-162,Canon PowerShot SX620 HS Digital Camera (Black) + Transcend 32GB Memory Card + Point & Shoot Camera Case + Card Reader + Card Wallet + LCD Screen Protectors + 5 Piece Cleaning Kit + Complete Bundle,49,4.6,249.0
B01FV7MJ9G,https://www.amazon.com/Canon-POWERSHOT-SX620-HS-Black/dp/B01FV7MJ9G/ref=sr_1_246?qid=1568063136&s=electronics&sr=1-246,"Canon PowerShot SX620 HS Digital Camera Along with 32GB, Deluxe Accessory Bundle and Cleaning Kit",8,4.6,269.0
B01H3BSGU4,https://www.amazon.com/Kodak-Friendly-FZ152-RD-Digital-Optical/dp/B01H3BSGU4/ref=sr_1_317?qid=1568063189&s=electronics&sr=1-317,"Kodak PIXPRO Friendly Zoom FZ152-RD 16MP Digital Camera with 15X Optical Zoom and 3"" LCD (Red)",32,3.6,119.95
B01H65ERLY,https://www.amazon.com/Nikon-COOLPIX-Digital-Replacement-Cleaning/dp/B01H65ERLY/ref=sr_1_255?qid=1568063136&s=electronics&sr=1-255,"Nikon COOLPIX P900 Digital Camera 83x Optical Zoom, Built-In Wi-Fi, NFC, and GPS + 64GB SDHC CLASS 10 MEMORY CARD + Replacement Battery for Nikon EN-EL23 + Deluxe Cleaning Kit For DSLR Cameras",8,4.1,469.99
B01HH1C78C,https://www.amazon.com/Nikon-COOLPIX-Wi-Fi-Digital-Camera/dp/B01HH1C78C/ref=sr_1_214?qid=1568063108&s=electronics&sr=1-214,"Nikon COOLPIX B500 Wi-Fi, NFC Digital Camera w/40x Zoom & HD Video (Red) - International Version (No Warranty) + 4 AA Batteries with Charger + 10pc 32GB Dlx Accessory Kit w/ HeroFiber Cleaning Cloth",7,5.0,269.95
B01HN372O8,https://www.amazon.com/Nikon-COOLPIX-Wi-Fi-Digital-Camera/dp/B01HN372O8/ref=sr_1_186?qid=1568063082&s=electronics&sr=1-186,"Nikon COOLPIX B500 Wi-Fi, NFC Digital Camera w/40x Zoom & HD Video (Plum) - International Version (No Warranty) + 4 AA Batteries with Charger + 10pc 32GB Dlx Accessory Kit w/ HeroFiber Cleaning Cloth",36,4.7,269.95
B01HTXLMO8,https://www.amazon.com/Nikon-COOLPIX-Digital-Certified-Refurbished/dp/B01HTXLMO8/ref=sr_1_182?qid=1568063082&s=electronics&sr=1-182,"Nikon COOLPIX P900 16MP Zoom Digital Camera with 83x Optical Zoom, Built-in Wi-Fi and NFC (Black) (Renewed)",64,4.3,439.95
B01J1XWLUS,https://www.amazon.com/Canon-PowerShot-Pixi-Basic-Accessory-International/dp/B01J1XWLUS/ref=sr_1_92?qid=1568063009&s=electronics&sr=1-92,Canon PowerShot G7 X Mark II Digital Camera + Pixi-Basic Accessory Kit- International Version,51,4.0,529.99
B01LX7JSPJ,https://www.amazon.com/PANASONIC-Vario-ELMARIT-Megapixels-Sensitivity-DMC-FZ2500/dp/B01LX7JSPJ/ref=sr_1_247?qid=1568063136&s=electronics&sr=1-247,"PANASONIC LUMIX FZ2500 4K Point and Shoot Camera, 20X LEICA DC Vario-ELMARIT F2.8-4.5 Lens, 21.1 Megapixels, 1 Inch High Sensitivity Sensor, 422 10-bit, HDMI Out, DMC-FZ2500 (USA BLACK)",47,3.5,997.99
B01LZHIX13,https://www.amazon.com/PANASONIC-Megapixel-VARIO-SUMMILUX-Stabilization-DMC-LX10K/dp/B01LZHIX13/ref=sr_1_30?qid=1568062956&s=electronics&sr=1-30,"PANASONIC LUMIX LX10 4K Digital Camera, 20.1 Megapixel 1-Inch Sensor, 3X LEICA DC VARIO-SUMMILUX Lens, F1.4-2.8 Aperture, POWER O.I.S. Stabilization, 3-Inch LCD, DMC-LX10K (Black)",535,3.9,497.99
B01M2Y3E5O,https://www.amazon.com/Nikon-COOLPIX-Optical-Bluetooth-Accessory/dp/B01M2Y3E5O/ref=sr_1_66?qid=1568062995&s=electronics&sr=1-66,Nikon COOLPIX B500 16MP 40x Optical Zoom Digital Camera w/Built-in Wi-Fi NFC & Bluetooth (Black) + 16GB SDHC Accessory Bundle,253,4.4,249.0
B01MCRBY4X,https://www.amazon.com/Sony-Cyber-Shot-DSC-RX100-Digital-DSCRX100M5/dp/B01MCRBY4X/ref=sr_1_144?qid=1568063048&s=electronics&sr=1-144,"Sony Cyber-Shot DSC-RX100 V 20.1 MP Digital Still Camera with 3"" OLED, flip Screen, WiFi, and 1” Sensor DSCRX100M5/B",149,3.8,829.0
B01MCW1NI2,https://www.amazon.com/Sony-Cyber-shot-Digital-DSC-RX100M5A-Accessory/dp/B01MCW1NI2/ref=sr_1_284?qid=1568063163&s=electronics&sr=1-284,"Sony RX100 VA 20.1 MP Cyber-shot Digital Camera w/ 3"" OLED DSC-RX100M5A + 64GB SDXC Memory Dual Battery Kit + Accessory Bundle",50,4.0,898.0
B01MF88C38,https://www.amazon.com/Nikon-COOLPIX-Optical-Bluetooth-Accessory/dp/B01MF88C38/ref=lp_330405011_1_16/130-1508546-3910369?s=photo&ie=UTF8&qid=1568062948&sr=1-16,Nikon COOLPIX B500 16MP 40x Optical Zoom Digital Camera w/Built-in Wi-Fi NFC & Bluetooth (Red) + 16GB SDHC Accessory Bundle,253,4.4,259.0
B01MQ429EX,https://www.amazon.com/Sony-Cyber-Shot-DSC-RX100-Digital-Camera/dp/B01MQ429EX/ref=sr_1_185?qid=1568063082&s=electronics&sr=1-185,Sony Cyber-Shot DSC-RX100 III 20.2 MP Digital Camera - Black + 64GB SDXC Memory Dual Battery Kit + Accessory Bundle,12,4.7,619.0
B01MRCWQRM,https://www.amazon.com/Nikon-26518-COOLPIX-A10/dp/B01MRCWQRM/ref=lp_330405011_1_8/130-1508546-3910369?s=photo&ie=UTF8&qid=1568062948&sr=1-8,Nikon COOLPIX A10,154,3.8,86.95
B01MS16V42,https://www.amazon.com/PANASONIC-Megapixel-20-1200mm-Stabilization-DC-FZ80K/dp/B01MS16V42/ref=lp_330405011_1_4/130-1508546-3910369?s=photo&ie=UTF8&qid=1568062948&sr=1-4,"PANASONIC LUMIX FZ80 4K Digital Camera, 18.1 Megapixel Video Camera, 60X Zoom DC VARIO 20-1200mm Lens, F2.8-5.9 Aperture, POWER O.I.S. Stabilization, Touch Enabled 3-Inch LCD, Wi-Fi, DC-FZ80K (Black)",1168,4.2,297.99
B01MS6W409,https://www.amazon.com/Canon-PowerShot-Digital-Sandisk-Cleaning/dp/B01MS6W409/ref=sr_1_226?qid=1568063122&s=electronics&sr=1-226,Canon PowerShot SX620 HS Digital Camera with Sandisk 32 GB SD Memory Card + Extra Battery + Tripod + Case + Card Reader + Cleaning Kit,69,4.4,259.0
B01MSEGPAK,https://www.amazon.com/Panasonic-DMC-TS25-Waterproof-2-7-Inch-DMC-TS25D/dp/B01MSEGPAK/ref=sr_1_228?qid=1568063122&s=electronics&sr=1-228,Panasonic DMC-TS25 Waterproof Digital Camera with 2.7-Inch LCD (Orange) DMC-TS25D (Renewed),22,3.5,99.98
B01MT3SZ46,https://www.amazon.com/Canon-PowerShot-Compact-Digital-Camera/dp/B01MT3SZ46/ref=sr_1_77?qid=1568062995&s=electronics&sr=1-77,"Canon PowerShot G9 X Mark II Compact Digital Camera w/ 1 Inch Sensor and 3inch LCD - Wi-Fi, NFC, Bluetooth Enabled (Black)",160,4.4,429.0
B01MUA5JGO,https://www.amazon.com/Fujifilm-X100F-APS-C-Digital-Camera-Black/dp/B01MUA5JGO/ref=sr_1_73?qid=1568062995&s=electronics&sr=1-73,Fujifilm X100F 24.3 MP APS-C Digital Camera-Black,164,4.5,1299.0
B01MUC97VK,https://www.amazon.com/FUJIFILM-digital-camera-Silver-X100F-S-JAPAN/dp/B01MUC97VK/ref=sr_1_296?qid=1568063177&s=electronics&sr=1-296,FUJIFILM digital camera X100F Silver X100F-S--JAPAN IMPORT,7,4.6,1047.0
B01N0729ET,https://www.amazon.com/Panasonic-Camera-F2-8-5-9-Polaroid-Accessory/dp/B01N0729ET/ref=sr_1_295?qid=1568063177&s=electronics&sr=1-295,"Panasonic FZ80 Lumix 4K Long Zoom Camera, 18.1 MP, F2.8-5.9, Power O.I.S with 3"" LCD + Polaroid 64GB + Camera Bag + Tripod and DC-FZ80K Accessory Bundle",95,4.1,339.99
B01N2R9HNB,https://www.amazon.com/Vmotal-Childrens-Rechargeable-Red-Sports-Birthday/dp/B01N2R9HNB/ref=sr_1_235?qid=1568063122&s=electronics&sr=1-235,"Mini Digital Camera,Vmotal 3.0 inch TFT LCD HD Digital Camera Kids Childrens Point and Shoot Rechargeable Digital Cameras Red-Sports,Travel,Holiday,Birthday Present",125,3.0,38.49
B01N33CIBU,https://www.amazon.com/Canon-PowerShot-Digital-Sandisk-Cleaning/dp/B01N33CIBU/ref=sr_1_187?qid=1568063082&s=electronics&sr=1-187,Canon PowerShot SX620 HS Wi-Fi Digital Camera (Red) with Sandisk 32 GB SD Memory Card + Extra Battery + Tripod + Case + Card Reader + Cleaning Kit,69,4.4,259.99
B01N4B9NFF,https://www.amazon.com/Digital-Display-Children-Beginners-Elderly/dp/B01N4B9NFF/ref=sr_1_287?qid=1568063163&s=electronics&sr=1-287,"3 inch TFT LCD Rechargeable HD Mini Digital Camera, Vmotal Video Camera Digital Students Cameras 12 MP/HD Compact Camera for Kids/Beginners/Seniors/Elderly (Not Included SD Card)",125,3.0,37.69
B01N9MCH0E,https://www.amazon.com/Canon-PowerShot-Compact-Digital-Camera/dp/B01N9MCH0E/ref=sr_1_29?qid=1568062956&s=electronics&sr=1-29,"Canon PowerShot G9 X Mark II Compact Digital Camera w/ 1 Inch Sensor and 3inch LCD - Wi-Fi, NFC, Bluetooth Enabled (Silver)",160,4.4,429.0
B01NC3AU7W,https://www.amazon.com/Sony-Cyber-shot-Compact-Digital-Accessory/dp/B01NC3AU7W/ref=sr_1_191?qid=1568063082&s=electronics&sr=1-191,Sony Cyber-shot HX80 Compact Digital Camera with 30x Optical Zoom (Black) + 32GB SDHC Memory Dual Battery Kit + Accessory Bundle,62,4.2,369.0
B06VSKNM2J,https://www.amazon.com/Canon-PowerShot-Two-Pack-Batteries-Accessory/dp/B06VSKNM2J/ref=sr_1_268?qid=1568063150&s=electronics&sr=1-268,Canon PowerShot SX420 IS 20MP 42x Optical Zoom Digital Camera (Black) + Two-Pack NB-11L Spare Batteries + Accessory Bundle,5,5.0,279.0
B06W9F83FP,https://www.amazon.com/Canon-G9-Mark-II-Black/dp/B06W9F83FP/ref=sr_1_140?qid=1568063048&s=electronics&sr=1-140,Canon PowerShot G9 X Mark II Digital Camera (Black) + SanDisk 64GB Memory Card + Point & Shoot Case + Flexible Tripod + USB Card Reader + Cleaning Kit + LCD Screen Protectors - Deluxe Accessory Bundle,7,3.9,434.95
B06WWDKKS5,https://www.amazon.com/Canon-PowerShot-Optical-Digital-Accessory/dp/B06WWDKKS5/ref=sr_1_234?qid=1568063122&s=electronics&sr=1-234,Canon PowerShot G7 X Mark II 20.1MP 4.2x Optical Zoom Digital Camera Video Creator Kit + 64GB SDXC Memory Card + Accessory Bundle,33,4.0,699.0
B06X16TNPX,https://www.amazon.com/Canon-G9-Mark-II-Silver/dp/B06X16TNPX/ref=sr_1_139?qid=1568063048&s=electronics&sr=1-139,Canon PowerShot G9 X Mark II Digital Camera (Silver) + SanDisk 64GB Memory Card + Point & Shoot Case + Flexible Tripod + USB Card Reader + Cleaning Kit + LCD Screen Protectors - Full Accessory Bundle,23,4.3,439.95
B06XFS8T64,https://www.amazon.com/Nikon-Coolpix-Digital-Camera-Silver/dp/B06XFS8T64/ref=sr_1_288?qid=1568063163&s=electronics&sr=1-288,Nikon Coolpix A900 4K Wi-Fi Digital Camera (Silver) - (Renewed),46,3.8,224.0
B06XRCZTHX,https://www.amazon.com/Canon-PowerShot-Two-Pack-Batteries-Accessory/dp/B06XRCZTHX/ref=sr_1_106?qid=1568063020&s=electronics&sr=1-106,Canon PowerShot SX530 HS 16.0 MP 50x Optical Zoom Digital Camera (Black) + Two-Pack NB-6L Spare Batteries + Accessory Bundle,42,4.6,269.0
B06XZVK76V,https://www.amazon.com/Kodak-PIXPRO-AZ901-BK-Digital-Optical/dp/B06XZVK76V/ref=sr_1_206?qid=1568063095&s=electronics&sr=1-206,"Kodak PIXPRO Astro Zoom AZ901-BK 20MP Digital Camera with 90X Optical Zoom and 3"" LCD (Black)",11,3.6,387.98
B06Y125DWZ,https://www.amazon.com/Canon-PowerShot-Digital-Camera-Optical/dp/B06Y125DWZ/ref=sr_1_49?qid=1568062983&s=electronics&sr=1-49,"Canon PowerShot SX730 Digital Camera w/40x Optical Zoom & 3 Inch Tilt LCD - Wi-Fi, NFC, Bluetooth Enabled (Black)",131,4.2,379.0
B06Y12YLFF,https://www.amazon.com/Canon-PowerShot-Digital-Camera-Optical/dp/B06Y12YLFF/ref=sr_1_242?qid=1568063136&s=electronics&sr=1-242,"Canon PowerShot SX730 Digital Camera w/40x Optical Zoom & 3 Inch Tilt LCD - Wi-Fi, NFC, Bluetooth Enabled (Silver)",131,4.2,379.0
B06Y185XZW,https://www.amazon.com/Kodak-PIXPRO-AZ652-BK-Digital-Optical/dp/B06Y185XZW/ref=sr_1_236?qid=1568063122&s=electronics&sr=1-236,"Kodak PIXPRO Astro Zoom AZ652-BK 20MP Digital Camera with 65X Optical Zoom and 3"" LCD (Black)",17,3.5,299.99
B06Y3YWX5D,https://www.amazon.com/Panasonic-Lumix-DC-FZ80-Digital-Camera/dp/B06Y3YWX5D/ref=sr_1_126?qid=1568063033&s=electronics&sr=1-126,"Panasonic Lumix DC-FZ80 Digital Point & Shoot Camera - Bundle with 16GB SDHC Card, Camera Bag, Cleaning Kit, Memory Wallet, Card Reader, PC Software Package",28,4.2,297.99
B06ZXRB449,https://www.amazon.com/PANASONIC-DC-ZS70S-Megapixel-Flip-front-VARIO-ELMAR/dp/B06ZXRB449/ref=sr_1_64?qid=1568062983&s=electronics&sr=1-64,"PANASONIC LUMIX DC-ZS70S, 20.3 Megapixel, 4K Digital Camera, Touch Enabled 3-inch 180 Degree Flip-front Display, 30X LEICA DC VARIO-ELMAR Lens, WiFi (Silver)",271,3.9,347.99
B0711C1R4X,https://www.amazon.com/Olympus-Waterproof-Camera-3-Inch-Black/dp/B0711C1R4X/ref=sr_1_208?qid=1568063095&s=electronics&sr=1-208,"Olympus TG-5 Waterproof Camera with 3-Inch LCD, Black",329,3.8,449.0
B0711FKTGF,https://www.amazon.com/Canon-PowerShot-Digital-Camera-Accessory/dp/B0711FKTGF/ref=sr_1_173?qid=1568063071&s=electronics&sr=1-173,Canon PowerShot SX530 HS Digital Camera with 32GB SD Memory Card + Accessory Bundle,17,4.2,259.0
B071FN8C9B,https://www.amazon.com/Nikon-Waterproof-Underwater-Digital-26525/dp/B071FN8C9B/ref=sr_1_69?qid=1568062995&s=electronics&sr=1-69,"Nikon W300 Waterproof Underwater Digital Camera with TFT LCD, 3"", Yellow (26525)",152,3.6,386.95
B071J55VXZ,https://www.amazon.com/Canon-Powershot-SX730-Digital-Camera/dp/B071J55VXZ/ref=sr_1_112?qid=1568063020&s=electronics&sr=1-112,"Canon Powershot SX730 Point & Shoot Digital Camera Bundle w/ Tripod Hand Grip , 64GB SD Memory , Case and More",49,4.4,379.0
B071R6JRZZ,https://www.amazon.com/Panasonic-Digital-DC-ZS70K-Megapixel-VARIO-ELMAR/dp/B071R6JRZZ/ref=sr_1_23?qid=1568062956&s=electronics&sr=1-23,"PANASONIC LUMIX DC-ZS70K, 20.3 Megapixel, 4K Digital Camera, Touch Enabled 3-inch 180 Degree Flip-front Display, 30X LEICA DC VARIO-ELMAR Lens, WiFi (Black)",271,3.9,347.99
B071SLWRXJ,https://www.amazon.com/Nikon-Waterproof-Underwater-Digital-26523/dp/B071SLWRXJ/ref=sr_1_119?qid=1568063033&s=electronics&sr=1-119,"Nikon W300 Waterproof Underwater Digital Camera with TFT LCD, 3"", Black (26523)",152,3.6,386.95
B071Z19L5T,https://www.amazon.com/Nikon-Coolpix-L340-Digital-3-0-Inch/dp/B071Z19L5T/ref=sr_1_303?qid=1568063177&s=electronics&sr=1-303,"Nikon Coolpix L340 20.2 MP Digital Camera with 8GB memory card bundle (28x Optical Zoom, 3.0-Inch LCD, 720P Video, Black, US model)",8,3.8,246.66
B071ZMDBKL,https://www.amazon.com/Nikon-Waterproof-Underwater-Digital-Camera/dp/B071ZMDBKL/ref=sr_1_59?qid=1568062983&s=electronics&sr=1-59,"Nikon W300 Waterproof Underwater Digital Camera with TFT LCD, 3"", Orange",152,3.6,386.95
B07239XJ6B,https://www.amazon.com/Ricoh-WG-50-Waterproof-Camera-Digital/dp/B07239XJ6B/ref=sr_1_257?qid=1568063150&s=electronics&sr=1-257,"Ricoh WG-50 16MP Waterproof Still/Video Camera Digital with 2.7"" LCD, (Orange)",37,3.5,279.94
B0725914BD,https://www.amazon.com/PowerShot-Digital-Deal-Expo-Accessories-Bundle/dp/B0725914BD/ref=sr_1_218?qid=1568063108&s=electronics&sr=1-218,Canon PowerShot SX620 HS Digital Camera (Black) + Deal-Expo Accessories Bundle.,6,3.7,214.99
B072FP1WP1,https://www.amazon.com/Ricoh-WG-50-Waterproof-Camera-Digital/dp/B072FP1WP1/ref=sr_1_320?qid=1568063189&s=electronics&sr=1-320,"Ricoh WG-50 16MP Waterproof Still/Video Camera Digital with 2.7"" LCD, (Black)",37,3.5,289.0
B072JZV7PL,https://www.amazon.com/Acuvar-Megapixel-Compact-Digital-Camera/dp/B072JZV7PL/ref=sr_1_270?qid=1568063150&s=electronics&sr=1-270,"Acuvar 14MP Megapixel Compact Digital Camera and Video with 2.4"" Screen and USB Cable",86,3.1,27.99
B0747TKQQZ,https://www.amazon.com/Panasonic-Vario-ELMAR-DMC-ZS60S-Certified-Refurbished/dp/B0747TKQQZ/ref=sr_1_58?qid=1568062983&s=electronics&sr=1-58,"PANASONIC LUMIX 4K ZS60 Point and Shoot Camera, 30X Leica DC Vario-Elmar Lens F3.3-6.4, 18 Mp, DMC-ZS60S with CASE (Renewed)",101,4.1,194.98
B074WK5GW9,https://www.amazon.com/Kodak-PIXPRO-AZ401-BK-Digital-Optical/dp/B074WK5GW9/ref=sr_1_93?qid=1568063009&s=electronics&sr=1-93,"Kodak PIXPRO Astro Zoom AZ401-BK 16MP Digital Camera with 40X Optical Zoom and 3"" LCD (Black)",83,3.9,149.0
B075KTJJPC,https://www.amazon.com/Sony-Cyber%E2%80%91Shot-Auto-Focus-Optical-DSC-RX10M4/dp/B075KTJJPC/ref=sr_1_55?qid=1568062983&s=electronics&sr=1-55,Sony Cyber‑Shot RX10 IV with 0.03 Second Auto-Focus & 25x Optical Zoom (DSC-RX10M4),91,4.3,1598.0
B075P8QN2Y,https://www.amazon.com/Kodak-PIXPRO-AZ252-WH-Digital-Optical/dp/B075P8QN2Y/ref=sr_1_72?qid=1568062995&s=electronics&sr=1-72,"Kodak PIXPRO Astro Zoom AZ252-WH 16MP Digital Camera with 25X Optical Zoom and 3"" LCD (White)",73,3.7,129.0
B076QNHMPW,https://www.amazon.com/Powershot-Tripod-Memory-Pixi-Basic-Accessory/dp/B076QNHMPW/ref=sr_1_169?qid=1568063071&s=electronics&sr=1-169,"Canon Powershot SX620 (Black) + 12"" Tripod + 16GB Memory Card + Pixi-Basic Accessory Bundle",1,2.0,195.52
B07771L9HP,https://www.amazon.com/PowerShot-Digital-Camera-SanDisk-Accessory/dp/B07771L9HP/ref=sr_1_180?qid=1568063082&s=electronics&sr=1-180,"Canon PowerShot ELPH 180 Digital Camera with is and Smart AUTO Mode (Silver), Transcend 16GB Memory Card, Camera Case and Premium Accessory Bundle",14,3.6,134.98
B077MDRWZB,https://www.amazon.com/Kodak-AZ401-WH-PIXPRO-Digital-Camera/dp/B077MDRWZB/ref=sr_1_189?qid=1568063082&s=electronics&sr=1-189,"Kodak AZ401-WH PIXPRO 16MP Digital Camera, 3"", White",83,3.9,149.0
B077TB4FFM,https://www.amazon.com/Nikon-COOLPIX-13-2MP-Digital-SnapBridge/dp/B077TB4FFM/ref=sr_1_120?qid=1568063033&s=electronics&sr=1-120,"Nikon COOLPIX W100 13.2MP 1080P Digital Camera w/ 3X Zoom Lens, WiFi, SnapBridge, White (26515B) - (Renewed)",38,3.9,99.0
B0784Q7BJN,https://www.amazon.com/Canon-Powershot-SX730-Bundle-Accessory/dp/B0784Q7BJN/ref=sr_1_259?qid=1568063150&s=electronics&sr=1-259,Canon Powershot SX730 HS Bundle (Black) + Basic Accessory Kit - Including to Get Started,43,4.7,364.99
B078MMKD3N,https://www.amazon.com/Kodak-PIXPRO-FZ43-Red-Extendable/dp/B078MMKD3N/ref=sr_1_130?qid=1568063048&s=electronics&sr=1-130,Kodak PIXPRO FZ43 Digital Camera (Red) + 16GB Memory Card + Deluxe Point and Shoot Camera Case + Extendable Monopod + Lens Cleaning Pen + LCD Screen Protectors + Table Top Tripod – Top Valued Bundle,12,4.5,94.95
B078WPY586,https://www.amazon.com/Nikon-Coolpix-20-1MP-Optical-Digital/dp/B078WPY586/ref=sr_1_179?qid=1568063082&s=electronics&sr=1-179,Nikon Coolpix A300 20.1MP 8x Optical Zoom NIKKOR WiFi Silver Digital Camera 26519B - (Renewed),29,3.2,89.0
B078YR3MNK,/gp/bestsellers/electronics/330405011/ref=sr_bs_0_330405011_1,"AbergBest 21 Mega Pixels 2.7"" LCD Rechargeable HD Digital Camera,Video camera Digital Students cameras,Indoor Outdoor for Adult/Seniors/Kids (Black)",946,3.4,40.99
B07938S3R2,https://www.amazon.com/Canon-PowerShot-SX620-Digital-Optical/dp/B07938S3R2/ref=sr_1_148?qid=1568063060&s=electronics&sr=1-148,"Canon PowerShot SX620 Digital Camera w/25x Optical Zoom - Wi-Fi & NFC Enabled (Black), SanDisk Ultra 16GB SDHC Memory Card, Ritz Gear Point & Shoot Camera Case and Accessory Bundle",21,4.3,249.99
B079H4XY5S,https://www.amazon.com/Fujifilm-FinePix-Waterproof-Digital-Battery/dp/B079H4XY5S/ref=sr_1_152?qid=1568063060&s=electronics&sr=1-152,Fujifilm FinePix XP130 Shock & Waterproof Wi-Fi Digital Camera (White) with 32GB Card + Battery + Cases + Float Strap + Selfie Stick + Kit,73,3.9,149.0
B079H4Y39B,https://www.amazon.com/Fujifilm-FinePix-Waterproof-Digital-Battery/dp/B079H4Y39B/ref=sr_1_196?qid=1568063095&s=electronics&sr=1-196,Fujifilm FinePix XP130 Shock & Waterproof Wi-Fi Digital Camera (Yellow) with 32GB Card + Battery + Cases + Float Strap + Selfie Stick + Kit,73,3.9,158.5
B079LHPG4P,https://www.amazon.com/Olympus-Waterproof-V104190RU000-Certified-Refurbished/dp/B079LHPG4P/ref=sr_1_193?qid=1568063095&s=electronics&sr=1-193,"Olympus TG-5 Waterproof Camera with 3-Inch LCD, Red (V104190RU000) (Renewed)",19,3.7,379.99
B079QNXFCC,https://www.amazon.com/PANASONIC-Stabilization-Megapixel-Sensor-DC-ZS200S/dp/B079QNXFCC/ref=sr_1_39?qid=1568062970&s=electronics&sr=1-39,"PANASONIC LUMIX ZS200 15X Leica DC Lens with Stabilization, 20.1 Megapixel, Large 1 inch Low Light Sensor (DC-ZS200S USA Silver)",218,3.9,697.99
B079QYMWZX,https://www.amazon.com/PANASONIC-DC-ZS200K-Megapixel-VARIO-ELMAR-Stabilization/dp/B079QYMWZX/ref=sr_1_78?qid=1568062995&s=electronics&sr=1-78,"PANASONIC LUMIX ZS200 4K Digital Camera, DC-ZS200K, 20.1 Megapixel 1-Inch Sensor, 15X LEICA DC VARIO-ELMAR Lens, F3.3-6.4 Aperture, HYBRID O.I.S. Stabilization, 3-Inch LCD , DC-ZS200K (Black)",218,3.9,697.99
B079RQP1LJ,https://www.amazon.com/Canon-Powershot-SX420-Digital-Camera/dp/B079RQP1LJ/ref=sr_1_278?qid=1568063163&s=electronics&sr=1-278,Canon Powershot SX420 IS 20 MP Wi-Fi Digital Camera with 42x Zoom (Black) Includes: Canon NB-11LH Battery & Canon Charger + 9pc 32GB Deluxe Accessory Kit w/ Extreme Electronics Cloth,22,3.9,244.0
B079ZCHQFP,https://www.amazon.com/Fujifilm-FinePix-Waterproof-Digital-International/dp/B079ZCHQFP/ref=sr_1_194?qid=1568063095&s=electronics&sr=1-194,Fujifilm FinePix XP120 Waterproof Digital Camera International Model (Blue),13,3.3,120.0
B07B4CJDBJ,https://www.amazon.com/Mini-Digital-Camera-Photography-Inch-LCD-8X-Digital-Zoom-20MP-HD-Digital-Camera-Rechargeable-Point-Indoor-Outdoor/dp/B07B4CJDBJ/ref=sr_1_65?qid=1568062995&s=electronics&sr=1-65,"Mini Digital Camera for Photography with 2.8 Inch LCD 8X Digital Zoom, 20MP HD Digital Camera Rechargeable Point and Shoot Camera, Indoor Outdoor for Kids/Seniors/Learner(Black)",127,3.7,39.85
B07BHG4HYM,https://www.amazon.com/AbergBest-Rechargeable-Digital-Students-Cameras/dp/B07BHG4HYM/ref=sr_1_21?qid=1568062956&s=electronics&sr=1-21,"AbergBest 21 Mega Pixels 2.7"" LCD Rechargeable HD Digital Camera Video Camera Digital Students Cameras,Indoor Outdoor for Adult/Seniors/Kid (Red)",946,3.4,40.99
B07BHJ6GW2,https://www.amazon.com/Kodak-PIXPRO-AZ252-Digital-Camera/dp/B07BHJ6GW2/ref=sr_1_241?qid=1568063136&s=electronics&sr=1-241,Kodak PIXPRO AZ252 Point & Shoot Digital Camera with 3” LCD (Black) and 16GB SD Card and Case,45,3.9,159.99
B07BNPMZSF,https://www.amazon.com/Olympus-Waterproof-Camera-3-Inch-Accessory/dp/B07BNPMZSF/ref=sr_1_159?qid=1568063060&s=electronics&sr=1-159,"Olympus TG-5 Waterproof Camera with 3-Inch LCD (Black) with I3ePro 16GB Class 10 SD Card, Camera Case and Accessory Bundle",8,4.0,459.52
B07BQ1367B,https://www.amazon.com/SanDisk-Memory-Card-Reader-Wallet/dp/B07BQ1367B/ref=sr_1_210?qid=1568063108&s=electronics&sr=1-210,SanDisk 64GB SD Memory Card UHS-I Class 10 + Memory Card Reader/Wallet Bundle kit,7,3.6,34.95
B07BQMHP6X,https://www.amazon.com/PANASONIC-Camera-Vario-Elmar-DC-ZS200K-Premium/dp/B07BQMHP6X/ref=sr_1_282?qid=1568063163&s=electronics&sr=1-282,PANASONIC LUMIX ZS200 4K Camera 15X Leica DC Vario-Elmar Lens DC-ZS200K (USA Black) Premium Bundle,10,4.3,729.99
B07BSJWXGT,https://www.amazon.com/Browning-Trail-Cameras-Extreme-Camera/dp/B07BSJWXGT/ref=sr_1_166?qid=1568063071&s=electronics&sr=1-166,Browning Trail Cameras Dark Ops Extreme 16MP Game Camera with 16GB SD Card and Focus USB Reader,8,4.0,129.99
B07C3XFJW5,https://www.amazon.com/Canon-PowerShot-Optical-Professional-Accessory/dp/B07C3XFJW5/ref=sr_1_137?qid=1568063048&s=electronics&sr=1-137,Canon PowerShot SX720 HS 20.3MP 40X Optical Zoom Digital Camera Kit (Red) + 32GB High Speed Memory Card + Extra Battery + Professional Accessory Bundle,28,4.8,309.0
B07C98SP78,https://www.amazon.com/SanDisk-Memory-Card-Reader-Wallet/dp/B07C98SP78/ref=sr_1_318?qid=1568063189&s=electronics&sr=1-318,SanDisk 16GB SD Memory Card UHS-I Class 10 + Memory Card Reader/Wallet Bundle kit (SanDisk 16GB SD Memory Card),3,3.4,16.95
B07CC93KG1,https://www.amazon.com/Sony-DSC-W800-DSCW800S-Digital-Cleaning/dp/B07CC93KG1/ref=sr_1_175?qid=1568063071&s=electronics&sr=1-175,"Sony W800/S DSC-W800/S DSCW800S 20 MP Digital Camera 5x Optical Zoom (Silver) Bundle with 64GB SDHC Memory Card, Table top Tripod, Deluxe Case, and Lens Cleaning Cloth",37,3.8,129.0
B07CCM8Q9P,https://www.amazon.com/SanDisk-Memory-Card-Reader-Wallet/dp/B07CCM8Q9P/ref=sr_1_202?qid=1568063095&s=electronics&sr=1-202,SanDisk 32GB SD Memory Card UHS-I Class 10 + Memory Card Reader/Wallet Bundle kit (SanDisk 32GB SD Memory Card),4,5.0,24.95
B07CCN7YKD,https://www.amazon.com/Canon-PowerShot-SX730-Digital-Optical/dp/B07CCN7YKD/ref=sr_1_272?qid=1568063150&s=electronics&sr=1-272,"Canon PowerShot SX730 Digital Camera w/40x Optical Zoom & 3 Inch Tilt LCD - Wi-Fi, NFC, & Bluetooth Enabled Black (Renewed)",13,4.5,308.0
B07D3C73ND,https://www.amazon.com/DSC-W830-Cyber-Shot-20-1MP-Digital-Accessory/dp/B07D3C73ND/ref=sr_1_174?qid=1568063071&s=electronics&sr=1-174,Sony DSC-W830 Cyber-Shot 20.1MP Digital Camera + 64GB Memory Card & Accessory Bundle (Silver),12,3.0,159.0
B07DCZRPYV,https://www.amazon.com/Kodak-PIXPRO-AZ252-RD-Digital-Optical/dp/B07DCZRPYV/ref=sr_1_81?qid=1568063009&s=electronics&sr=1-81,"Kodak PIXPRO Astro Zoom AZ252-RD 16MP Digital Camera with 25X Optical Zoom and 3"" LCD (Red)",73,3.7,129.0
B07DFSMNRT,https://www.amazon.com/Canon-Powershot-Super-Zoom-Digital-Ultimate/dp/B07DFSMNRT/ref=sr_1_308?qid=1568063189&s=electronics&sr=1-308,"Canon Powershot SX530 HS 16MP Wi-Fi Super-Zoom Digital Camera 50x Optical Zoom Ultimate Bundle Includes Deluxe Camera Bag, 32GB Memory Cards, Extra Battery, Tripod, Card Reader, HDMI Cable & More",40,4.4,274.0
B07DKG29RG,https://www.amazon.com/Sony-Premium-Compact-24-200mm-DSCRX100M6/dp/B07DKG29RG/ref=sr_1_38?qid=1568062970&s=electronics&sr=1-38,"Sony RX100 VI 20.1 MP Premium Compact Digital Camera w/ 1-inch sensor, 24-200mm ZEISS zoom lens and pop-up OLED EVF (DSCRX100M6/B)",52,3.8,1098.0
B07DRFFQYM,https://www.amazon.com/Sony-DSC-RX100M6-Cyber-Shot-24-200mm-Accessory/dp/B07DRFFQYM/ref=sr_1_141?qid=1568063048&s=electronics&sr=1-141,Sony DSC-RX100M6 RX100 VI Cyber-Shot Digital Camera 20.1 MP with 24-200mm Zoom Lens + Lexar 64GB SDHC/SDXC UHS-I Card + Dual Battery Kit + Accessory Bundle,17,4.1,1098.0
B07F4RJL8Y,https://www.amazon.com/Leica-C-Lux-Digital-Camera-Midnight/dp/B07F4RJL8Y/ref=sr_1_215?qid=1568063108&s=electronics&sr=1-215,Leica C-Lux Digital Camera (Midnight Blue),7,5.0,1013.99
B07F5HPXK4,https://www.amazon.com/Nikon-COOLPIX-P1000-Digital-Camera/dp/B07F5HPXK4/ref=sr_1_42?qid=1568062970&s=electronics&sr=1-42,"Nikon COOLPIX P1000 16.7 Digital Camera with 3.2"" LCD, Black",98,4.5,996.95
B07FDFNWR4,https://www.amazon.com/Fujifilm-FinePix-Waterproof-Digital-Underwater/dp/B07FDFNWR4/ref=sr_1_299?qid=1568063177&s=electronics&sr=1-299,Fujifilm FinePix XP120 Waterproof Digital Underwater Camera USA Model (Sky Blue),4,3.9,133.99
B07FMYBTF6,https://www.amazon.com/Digital-Camera-Lyyes-Point-Shoot/dp/B07FMYBTF6/ref=sr_1_110?qid=1568063020&s=electronics&sr=1-110,"Digital Camera, Lyyes 2.7"" Mini Camera HD 720P Digital Point Shoot Camera 8X Zoom Camera for Kids and Gifts (Black)",79,4.4,39.99
B07FPPZQK9,https://www.amazon.com/Canon-PowerShot-Digital-Camera-Optical/dp/B07FPPZQK9/ref=sr_1_167?qid=1568063071&s=electronics&sr=1-167,Canon PowerShot SX420 Digital Camera w/42x Optical Zoom - Wi-Fi & NFC Enabled (Black) - Deal-Expo Bundle,15,4.3,184.52
B07FXPY6SF,https://www.amazon.com/Canon-PowerShot-Digital-Camera-Optical/dp/B07FXPY6SF/ref=sr_1_47?qid=1568062970&s=electronics&sr=1-47,"Canon PowerShot SX740 Digital Camera w/40x Optical Zoom & 3 Inch Tilt LCD - 4K VIdeo, Wi-Fi, NFC, Bluetooth Enabled (Silver)",106,4.2,399.0
B07FXXVC74,https://www.amazon.com/Canon-PowerShot-Digital-Camera-Optical/dp/B07FXXVC74/ref=sr_1_68?qid=1568062995&s=electronics&sr=1-68,"Canon PowerShot SX740 Digital Camera w/40x Optical Zoom & 3 Inch Tilt LCD - 4K VIdeo, Wi-Fi, NFC, Bluetooth Enabled (Black)",106,4.2,399.0
B07G2Z7T2N,https://www.amazon.com/Olympus-Weather-Sealed-14-150mm-Black/dp/B07G2Z7T2N/ref=sr_1_231?qid=1568063122&s=electronics&sr=1-231,"Olympus OM-D E-M5 Mark II Weather Sealed Kit with 14-150mm Lens, 3"" LCD, Black, US ONLY",138,4.4,999.0
B07GDSWFSL,https://www.amazon.com/Canon-PowerShot-SX730-Flexible-Accessory/dp/B07GDSWFSL/ref=sr_1_89?qid=1568063009&s=electronics&sr=1-89,Canon PowerShot SX730 HS Digital Camera (Black) + 64GB Memory Card + Point & Shoot Case + Flexible Tripod + USB Card Reader + Lens Cleaning Pen + Cleaning Kit + Accessory Bundle,15,3.7,379.0
B07GQP8M3G,https://www.amazon.com/Panasonic-VARIO-SUMMILUX-F1-7-2-8-Bluetooth-DC-LX100M2/dp/B07GQP8M3G/ref=sr_1_118?qid=1568063033&s=electronics&sr=1-118,"Panasonic Lumix LX100 II Large Four Thirds 21.7 MP Multi Aspect Sensor 24-75mm Leica DC VARIO-SUMMILUX F1.7-2.8 Lens Wi-Fi and Bluetooth Camera with 3"" LCD, Black (DC-LX100M2)",224,3.7,897.99
B07H483HGL,https://www.amazon.com/Olympus-Weather-Sealed-14-150mm-Silver/dp/B07H483HGL/ref=sr_1_258?qid=1568063150&s=electronics&sr=1-258,"Olympus OM-D E-M5 Mark II Weather Sealed Kit with 14-150mm Lens, 3"" LCD, Silver, US ONLY",138,4.4,999.0
B07HH1PVRZ,https://www.amazon.com/Canon-Powershot-20-3MP-Digital-Optical/dp/B07HH1PVRZ/ref=sr_1_104?qid=1568063020&s=electronics&sr=1-104,Canon Powershot SX70 20.3MP Digital Camera 65x Optical Zoom Lens 4K Video 3-inch LCD Tilt Screen (Black),36,3.8,549.0
B07HS3QSR9,https://www.amazon.com/Nikon-COOLPIX-Digital-Camera-Built/dp/B07HS3QSR9/ref=sr_1_50?qid=1568062983&s=electronics&sr=1-50,Nikon COOLPIX P900 Digital Camera: with 83x Optical Zoom and Built-in Wi-Fi(Black) + 64GB 1200X SDXC Card + 2 EN-EL23 Batteries + Case + Flexible Tripod + Pro Bundle: International Version,34,4.5,517.96
B07HVY7N6J,https://www.amazon.com/Canon-PowerShot-Mark-Microfiber-International/dp/B07HVY7N6J/ref=sr_1_35?qid=1568062970&s=electronics&sr=1-35,Canon PowerShot G7 X Mark II: Digital Camera + 64GB 4K 1200X SDXC Card + Pro Case + 2X NB-13L + Canon CB-2LH + WS-DC12 Strap + Flexible Tripod + AOM Microfiber Cleaning Cloth: International Version,18,3.9,569.0
B07J2JDKK3,https://www.amazon.com/Kodak-Friendly-FZ43-BK-Digital-Optical/dp/B07J2JDKK3/ref=sr_1_204?qid=1568063095&s=electronics&sr=1-204,"Kodak PIXPRO Friendly Zoom FZ43-BK 16MP Digital Camera with 4X Optical Zoom and 2.7"" LCD Screen (Black)",591,3.2,54.0
B07J66K31K,https://www.amazon.com/Canon-PowerShot-Black-International-Warranty/dp/B07J66K31K/ref=sr_1_201?qid=1568063095&s=electronics&sr=1-201,Canon PowerShot G7 X Mark II (Black) (International Model) No Warranty - Expo Accessories Bundle,1,3.0,499.99
B07JGKL1Y6,https://www.amazon.com/Sony-DSC-HX99-Compact-Digital-Touchpad/dp/B07JGKL1Y6/ref=sr_1_75?qid=1568062995&s=electronics&sr=1-75,"Sony DSC-HX99 Compact Digital 18.2 MP Camera with 24-720 mm Zoom, 4K and Touchpad – Black",36,4.0,448.0
B07JMF3S85,https://www.amazon.com/Olympus-TG-5-Waterproof-Camera-3-Inch/dp/B07JMF3S85/ref=sr_1_302?qid=1568063177&s=electronics&sr=1-302,"Olympus TG-5 Waterproof Camera 3-Inch LCD, Red - Deal-Expo Basic Accessories Bundle",1,5.0,449.99
B07JNPFGPY,https://www.amazon.com/Ricoh-WG-60-Waterproof-Digital-Black/dp/B07JNPFGPY/ref=sr_1_170?qid=1568063071&s=electronics&sr=1-170,"Ricoh WG-60 Waterproof Digital Camera, 2.7"" LCD (WG-60 Black)",3,3.4,233.01
B07JQ5WJY5,https://www.amazon.com/Ricoh-WG-60-Waterproof-Digital-Red/dp/B07JQ5WJY5/ref=sr_1_99?qid=1568063020&s=electronics&sr=1-99,"Ricoh WG-60 Waterproof Digital Camera, 2.7"" LCD (WG-60 Red)",3,3.4,246.95
B07JVH52W7,https://www.amazon.com/Canon-PowerShot-Tabletop-Cleaning-Protector/dp/B07JVH52W7/ref=sr_1_124?qid=1568063033&s=electronics&sr=1-124,Canon PowerShot SX530 HS Digital Camera + Ritz Gear 32GB U3 Memory Card + Tabletop Tripod + Ritz Gear Zoom Bag + Card Reader + Cleaning Kit + Screen Protector + Spare Battery,106,4.5,269.99
B07JZJBFK7,https://www.amazon.com/PANASONIC-Megapixel-24-72mm-F1-4-2-8-DMC-LX10K/dp/B07JZJBFK7/ref=sr_1_209?qid=1568063108&s=electronics&sr=1-209,"PANASONIC LUMIX LX10 Camera, 20.1 Megapixel 1in Large Sensor, LEICA DC Lens 24-72mm F1.4-2.8, DMC-LX10K (USA BLACK) (Renewed)",2,3.5,488.03
B07K3R452M,https://www.amazon.com/PowerShot-SX540-Digital-Optical-Accessory/dp/B07K3R452M/ref=sr_1_273?qid=1568063163&s=electronics&sr=1-273,Canon PowerShot SX540 HS 20.3MP Digital Camera with 50x Optical Zoom + 64GB Delux Accessory Bundle,6,5.0,323.0
B07K6Z8FM5,https://www.amazon.com/PANASONIC-Megapixels-20-1200mm-F2-8-5-9-DC-FZ80K/dp/B07K6Z8FM5/ref=sr_1_142?qid=1568063048&s=electronics&sr=1-142,"PANASONIC LUMIX FZ80 4K 60X Zoom Camera, 18.1 Megapixels, DC VARIO 20-1200mm Lens, F2.8-5.9, 4K 30p Video, Power O.I.S., WiFi ? DC-FZ80K (USA BLACK) (Renewed)",6,4.5,232.28
B07KDCRFSL,https://www.amazon.com/Sony-Cyber-Shot-DSC-HX99-Camera-Accessory/dp/B07KDCRFSL/ref=sr_1_176?qid=1568063071&s=electronics&sr=1-176,Sony Cyber-Shot DSC-HX99 High Zoom 4K Camera + 32GB SDHC Memory Accessory Bundle,7,3.1,448.0
B07KGKYYFM,https://www.amazon.com/PowerShot-Digital-Camera-Starter-Accessory/dp/B07KGKYYFM/ref=lp_330405011_1_14/130-1508546-3910369?s=photo&ie=UTF8&qid=1568062948&sr=1-14,"Canon PowerShot G7 X Mark II Digital Camera (Black) with Essential Accessory Bundle - Includes: SanDisk Ultra 64GB SDXC Memory Card, 1x Replacement Battery, 57"" Tripod, Carrying Case & More",33,4.5,559.0
B07KQD13NS,https://www.amazon.com/Polaroid-i20X29-Digital-Camera-Tripod/dp/B07KQD13NS/ref=sr_1_240?qid=1568063122&s=electronics&sr=1-240,Polaroid i20X29 Digital Camera (Red) with 32GB Card + Case + Flex Tripod + Reader + Kit,21,3.5,64.99
B07KQG7YBP,https://www.amazon.com/Leica-D-LUX-4K-Compact-Camera/dp/B07KQG7YBP/ref=sr_1_129?qid=1568063048&s=electronics&sr=1-129,Leica D-LUX 7 4K Compact Camera,6,4.3,1195.0
B07KRH988M,https://www.amazon.com/COOLPIX-Digital-Camera-Optical-Built/dp/B07KRH988M/ref=sr_1_105?qid=1568063020&s=electronics&sr=1-105,Nikon COOLPIX P900 Digital Camera with 83x Optical Zoom and Built-in Wi-Fi(Black) - Essential Accessories Bundle,7,3.9,489.99
B07KSXT9NH,https://www.amazon.com/GordVE-Digital-Backpacking-Cameras-Photography/dp/B07KSXT9NH/ref=sr_1_123?qid=1568063033&s=electronics&sr=1-123,"GordVE 2.7 Inch Digital Camera, HD Camera for Backpacking, Mini Digital Camera Pocket Cameras Digital with Zoom, Compact Cameras for Photography",167,3.7,46.99
B07L35Q3GL,https://www.amazon.com/Canon-PowerShot-SX70-Video-Ready-Accessory/dp/B07L35Q3GL/ref=sr_1_51?qid=1568062983&s=electronics&sr=1-51,"Canon PowerShot SX70 HS 4K Camera with Video-Ready Lexar U3 Memory Card, Monopod, Tripod, Camera Case and Accessory Bundle",20,4.4,549.99
B07MN5NHJC,https://www.amazon.com/Digital-Vlogging-YouTube-Recorder-Batteries/dp/B07MN5NHJC/ref=sr_1_135?qid=1568063048&s=electronics&sr=1-135,Digital Camera Video Camera Vlogging YouTube Recorder HD1080P 30FPS 24.0MP 3.0 Inch Flip Screen 16X Digital Zoom WiFi Camera with Wide Angle Lens and 2 Batteries,120,4.2,129.99
B07N96YVSW,https://www.amazon.com/Nikon-COOLPIX-Super-Zoom-Digital-Camera/dp/B07N96YVSW/ref=sr_1_249?qid=1568063136&s=electronics&sr=1-249,Nikon COOLPIX P1000 16MP 125x Super-Zoom Digital Camera (26522) – (Renewed),2,5.0,817.0
B07NQDGBPN,https://www.amazon.com/PANASONIC-Digital-25-400mm-Stabilizer-3-0-inch/dp/B07NQDGBPN/ref=sr_1_127?qid=1568063033&s=electronics&sr=1-127,"PANASONIC LUMIX FZ1000 II 20.1MP Digital Camera, 16x 25-400mm LEICA DC Lens, 4K Video, Optical Image Stabilizer and 3.0-inch Display – Point and Shoot Camera - DC-FZ1000M2 (Black)",7,4.0,897.99
B07NQDLDF4,https://www.amazon.com/PANASONIC-Digital-24-720mm-Stabilizer-3-0-inch/dp/B07NQDLDF4/ref=sr_1_132?qid=1568063048&s=electronics&sr=1-132,"PANASONIC LUMIX ZS80 20.3MP Digital Camera, 30x 24-720mm Travel Zoom Lens, 4K Video, Optical Image Stabilizer and 3.0-inch Display – Point & Shoot Camera with Lecia Lens- DC-ZS80S (Silver)",271,3.9,447.99
B07NQFLLT4,https://www.amazon.com/PANASONIC-Digital-24-720mm-Stabilizer-3-0-inch/dp/B07NQFLLT4/ref=sr_1_102?qid=1568063020&s=electronics&sr=1-102,"PANASONIC LUMIX ZS80 20.3MP Digital Camera, 30x 24-720mm Travel Zoom Lens, 4K Video, Optical Image Stabilizer and 3.0-inch Display – Point & Shoot Camera with Lecia Lens - DC-ZS80K (Black)",271,3.9,447.99
B07NSM2X5B,https://www.amazon.com/Coolpix-Waterproof-Digital-Battery-Ultimate/dp/B07NSM2X5B/ref=sr_1_198?qid=1568063095&s=electronics&sr=1-198,Nikon Coolpix W100 Wi-Fi Shock & Waterproof Digital Camera (White) with 32GB Card + Case + Battery + Flex Tripod + Float Strap + Ultimate Kit,10,3.7,159.0
B07NSMJX2K,https://www.amazon.com/Digital-Compact-Camera-Touch-Screen/dp/B07NSMJX2K/ref=sr_1_36?qid=1568062970&s=electronics&sr=1-36,"GR III Digital Compact Camera, 24mp, 28mm f 2.8 Lens with Touch Screen LCD",31,3.6,899.95
B07NSQ13CB,https://www.amazon.com/Theta-degree-Spherical-Camera-Sensors/dp/B07NSQ13CB/ref=sr_1_84?qid=1568063009&s=electronics&sr=1-84,"Theta Z1 360 degree Spherical Camera with dual 1"" Sensors    USA Model",3,3.9,999.95
B07NWDKQFM,https://www.amazon.com/Canon-PowerShot-Optical-Digital-Camera/dp/B07NWDKQFM/ref=sr_1_301?qid=1568063177&s=electronics&sr=1-301,Canon PowerShot SX70 HS 65x Optical Zoom Digital Camera w/ 64GB SD Card Bundle,163,4.3,549.0
B07NYJYMTR,https://www.amazon.com/Digital-Cameras-Display-Point-Camera/dp/B07NYJYMTR/ref=sr_1_184?qid=1568063082&s=electronics&sr=1-184,"HD Mini Digital Cameras with 2.7 Inch TFT LCD Display,Point and Shoot Digital Video Camera",23,4.2,40.99
B07P3FLZJK,https://www.amazon.com/Nikon-26527-Coolpix-A1000/dp/B07P3FLZJK/ref=sr_1_143?qid=1568063048&s=electronics&sr=1-143,Coolpix A1000,11,3.1,476.95
B07P3FQ21B,https://www.amazon.com/Nikon-26528-Coolpix-B600-Black/dp/B07P3FQ21B/ref=sr_1_217?qid=1568063108&s=electronics&sr=1-217,Coolpix B600 Black,2,5.0,326.95
B07P3J1HLW,https://www.amazon.com/Veroyi-Underwater-Waterproof-Recorder-Recording/dp/B07P3J1HLW/ref=sr_1_276?qid=1568063163&s=electronics&sr=1-276,Veroyi Underwater Camera Full HD 1080P Waterproof Digital Camera 24.0MP Video Recorder Selfie Dual Screen DV Recording Waterproof Camera (Micro SD Card Not Included),41,3.9,65.99
B07P8TY46T,https://www.amazon.com/Fujifilm-FinePix-Waterproof-Digital-Battery/dp/B07P8TY46T/ref=sr_1_314?qid=1568063189&s=electronics&sr=1-314,Fujifilm FinePix XP140 Shock & Waterproof Wi-Fi Digital Camera (Sky Blue) with 64GB Card + Battery + Charger + Case + Tripod + Kit,2,5.0,214.99
B07P9S7NKB,https://www.amazon.com/Nikon-Coolpix-Digital-Battery-Charger/dp/B07P9S7NKB/ref=sr_1_309?qid=1568063189&s=electronics&sr=1-309,Nikon Coolpix B600 60x Wi-Fi Digital Camera with 64GB Card + Battery & Charger + Case + Flash + Tripod + Kit,3,5.0,314.0
B07PLL57T9,https://www.amazon.com/Sony-Cyber-Shot-DSC-RX100M6-Compact-Digital/dp/B07PLL57T9/ref=sr_1_293?qid=1568063177&s=electronics&sr=1-293,Sony Cyber-Shot DSC-RX100M6 RX100 VI Mark 6 20.2 MP 4K Compact Digital Camera with F2.8 - F4.5 Zeiss 24-200mm Lens with Triple Battery Deco Gear Field Bag Case Memory Card Travel Bundle,5,3.9,1098.0
B07PPQRS7Y,https://www.amazon.com/Fujifilm-FinePix-Waterproof-Digital-Battery/dp/B07PPQRS7Y/ref=sr_1_294?qid=1568063177&s=electronics&sr=1-294,Fujifilm FinePix XP120 Shock & Waterproof Wi-Fi Digital Camera (Lime) with 32GB Card + Battery + Cases + Float Strap + Kit,1,5.0,149.0
B07Q2DNL98,https://www.amazon.com/Sony-1-0-type-Sensor-Ultra-Compact-Camera/dp/B07Q2DNL98/ref=sr_1_109?qid=1568063020&s=electronics&sr=1-109,Sony RX0 II 1” (1.0-type) Sensor Ultra-Compact Camera,12,3.6,698.0
B07Q41XCGD,https://www.amazon.com/Fujifilm-Waterproof-Ultimate-Deals-Accessory/dp/B07Q41XCGD/ref=sr_1_223?qid=1568063108&s=electronics&sr=1-223,Fujifilm FinePix XP130 Shock & Waterproof Wi-Fi Digital Camera (Sky Blue) with 32GB Card + Battery + Cases + Float Strap + Ultimate Deals Cloth+ Accessory Kit,1,4.0,149.0
B07Q8487XQ,https://www.amazon.com/Panasonic-DC-FZ1000-Digital-Battery-Charger/dp/B07Q8487XQ/ref=sr_1_319?qid=1568063189&s=electronics&sr=1-319,Panasonic Lumix DC-FZ1000 II 4K QFHD Wi-Fi Digital Camera 128GB Card + Battery + Charger + Case + Grip/Tripod + Kit,2,5.0,899.99
B07QG2HSJ5,https://www.amazon.com/Digital-Cameras-Teenagers-Beginners-Travel-Outdoors/dp/B07QG2HSJ5/ref=sr_1_56?qid=1568062983&s=electronics&sr=1-56,"HD Mini Digital Cameras,Point and Shoot Digital Cameras for Kids Teenagers Beginners-Travel,Camping,Outdoors,School (Red 1)",56,3.9,38.99
B07QG2HZVR,https://www.amazon.com/Digital-Cameras-Teenagers-Beginners-Travel-Outdoors/dp/B07QG2HZVR/ref=sr_1_60?qid=1568062983&s=electronics&sr=1-60,"HD Mini Digital Cameras,Point and Shoot Digital Cameras for Kids Teenagers Beginners-Travel,Camping,Outdoors,School (Black 2)",56,3.9,38.99
B07QLXK78T,https://www.amazon.com/GordVE-Digital-Backpacking-Cameras-Photography/dp/B07QLXK78T/ref=sr_1_250?qid=1568063136&s=electronics&sr=1-250,"GordVE 2.7 Inch Digital Camera, HD Camera for Backpacking, Mini Digital Camera Pocket Cameras Digital with Zoom, Compact Cameras for Photography",167,3.7,46.99
B07QNYXZY6,https://www.amazon.com/Canon-PowerShot-Digital-Camera-Optical/dp/B07QNYXZY6/ref=sr_1_164?qid=1568063071&s=electronics&sr=1-164,Canon PowerShot SX620 Digital Camera w/25x Optical Zoom - Wi-Fi & NFC Enabled (Black) - Memory Card Bundle (Camera + 64GB Memory Card) Buzz Photo Basic Bundle,1,5.0,209.99
B07QR78RH7,https://www.amazon.com/Nikon-COOLPIX-Digital-Camera-AOM/dp/B07QR78RH7/ref=sr_1_100?qid=1568063020&s=electronics&sr=1-100,Nikon COOLPIX P1000 Digital Camera (Black) 26522 + 128GB 4K AOM Pro Kit: International Version (1 Year AOM Warranty),6,5.0,885.42
B07R5S3YPK,https://www.amazon.com/Waterproof-Underwater-Recorder-Recording-Snorkeling/dp/B07R5S3YPK/ref=sr_1_20?qid=1568062956&s=electronics&sr=1-20,Waterproof Camera Full HD 1080P Underwater Camera 24 MP Video Recorder Selfie Dual Screen DV Recording Waterproof Digital Camera for Snorkeling,64,3.5,75.85
B07RC8HPHL,https://www.amazon.com/Olympus-Tough-TG-6-Waterproof-Camera/dp/B07RC8HPHL/ref=lp_330405011_1_2/130-1508546-3910369?s=photo&ie=UTF8&qid=1568062948&sr=1-2,"Olympus Tough TG-6 Waterproof Camera, Red",21,3.8,399.0
B07RCM7D36,https://www.amazon.com/Olympus-Tough-Waterproof-Camera-Black/dp/B07RCM7D36/ref=lp_330405011_1_12/130-1508546-3910369?s=photo&ie=UTF8&qid=1568062948&sr=1-12,"Olympus Tough TG-6 Waterproof Camera, Black",21,3.8,399.0
B07RL4DDXN,https://www.amazon.com/Nikon-COOLPIX-Digital-Essential-Accessory/dp/B07RL4DDXN/ref=sr_1_280?qid=1568063163&s=electronics&sr=1-280,Nikon COOLPIX B600 Digital Camera (Black) with Essential Accessory Bundle – Includes: SanDisk Ultra 64GB SDXC Memory Card + Extended Life Replacement Battery (EN-EL12) + Carrying Case (Medium) + More,1,5.0,329.95
B07RT7Z4Q8,https://www.amazon.com/Digital-Vlogging-Retractable-Flashlight-Included%EF%BC%89/dp/B07RT7Z4Q8/ref=sr_1_111?qid=1568063020&s=electronics&sr=1-111,Digital Camera with WiFi 24.0 MP Vlogging Camera 2.7K Ultra HD 3.0 Inch Camera with Flip Screen Retractable Flashlight （Micro sd Card is not Included） (W1),4,5.0,99.99
B07SC4T5ZT,https://www.amazon.com/Canon-PowerShot-Digital-Camera-3071C001/dp/B07SC4T5ZT/ref=sr_1_108?qid=1568063020&s=electronics&sr=1-108,Canon PowerShot SX70 HS Digital Camera (3071C001) - Base Bundle,4,4.5,476.72
B07SH6BTGD,https://www.amazon.com/Digital-Camera-Display-Rechargeable-Students/dp/B07SH6BTGD/ref=sr_1_117?qid=1568063033&s=electronics&sr=1-117,"Digital Camera - 2.8"" TFT LCD Display Rechargeable Simple Digital Camera with 20mp for Kid/Girls/Boys/Students/Elderly (Blue)",13,4.5,45.99
B07SKKML6N,https://www.amazon.com/Canon-PowerShot-Digital-Camera-Optical/dp/B07SKKML6N/ref=sr_1_216?qid=1568063108&s=electronics&sr=1-216,Canon PowerShot SX620 Digital Camera w/25x Optical Zoom - Wi-Fi & NFC Enabled (RED) - Memory Card Bundle (Camera + 64GB Memory Card) Buzz Photo Basic Bundle,1,5.0,204.99
B07SRG92ZJ,https://www.amazon.com/Digital-Cameras-Point-Cameras-Travel-Camping/dp/B07SRG92ZJ/ref=sr_1_128?qid=1568063033&s=electronics&sr=1-128,"HD Mini Digital Cameras,21MP Point and Shoot Digital Video Cameras-Travel,Camping,Gifts",23,4.2,40.99
B07SSSVCJJ,https://www.amazon.com/Compact-Digital-Rechargeable-Seniors-Elders%EF%BC%88Blue%EF%BC%89/dp/B07SSSVCJJ/ref=sr_1_212?qid=1568063108&s=electronics&sr=1-212,"Compact Digital Camera, Rechargeable 20MP Kids Camera with 2.8"" LCD 8X Digital Zoom for Adult Seniors Elders（Blue）",5,4.0,40.99
B07SX3BRJY,https://www.amazon.com/HD-Digital-Camera-Rechargeable-Kids%EF%BC%88Black%EF%BC%89/dp/B07SX3BRJY/ref=sr_1_310?qid=1568063189&s=electronics&sr=1-310,"HD Digital Camera, Rechargeable Mini Digital Camera with 3"" LCD/20MP/8X Digital Zoom Video Camera Kids Students Cameras,Indoor Outdoor for Adult/Seniors/Kids（Black）",1,5.0,37.99
B07T1NRQZW,https://www.amazon.com/Sony-RX100M3-Creator-Shooting-Battery/dp/B07T1NRQZW/ref=sr_1_227?qid=1568063122&s=electronics&sr=1-227,"Sony RX100M3 Video Creator Kit with Shooting Grip, Media Card & Extra Battery",406,4.2,698.0
B07T293VKF,https://www.amazon.com/Vlogging-Retractrable-Flashlight-Rotation-Gathering/dp/B07T293VKF/ref=sr_1_96?qid=1568063009&s=electronics&sr=1-96,Digital Camera Vlogging Camera 24MP Ultra HD 2.7K WiFi YouTube Camera with 3.0 inch LCD Retractrable Flashlight 180 Degree Rotation Flip Screen Camera for Family Gathering/Travel/Selfie (Black),52,4.5,98.99
B07T2FXQMM,https://www.amazon.com/Nikon-Mirrorless-FX-Format-Full-Frame-Accessory/dp/B07T2FXQMM/ref=sr_1_254?qid=1568063136&s=electronics&sr=1-254,Nikon Z6 Mirrorless Camera Body FX-Format Full-Frame 4K Ultra HD with NIKKOR Z 24-70mm f/4 S Lens Kit and Deco Gear Travel Gadget Bag Case with Extra Battery & Accessory Kit Editing Software Bundle,1,5.0,2419.0
B07T75K86W,https://www.amazon.com/Sony-Cyber-Shot-DSC-RX100-DSCRX100M3-Starter/dp/B07T75K86W/ref=sr_1_253?qid=1568063136&s=electronics&sr=1-253,Sony Cyber-Shot DSC-RX100 III Camera DSCRX100M3/B Starter Kit,1,1.0,491.78
B07T8GY3BQ,https://www.amazon.com/Digital-Vlogging-Rotation-Retractrable-Flashlight/dp/B07T8GY3BQ/ref=sr_1_107?qid=1568063020&s=electronics&sr=1-107,Digital Camera Vlogging Camera 24MP Ultra HD 2.7K WiFi YouTube Camera 3.0 Inch 180 Degree Rotation Flip Screen Camera Retractrable Flashlight (X4),32,4.4,99.44
B07TBC6PKX,https://www.amazon.com/Digital-Camera-Prodico-Video-Point/dp/B07TBC6PKX/ref=sr_1_306?qid=1568063189&s=electronics&sr=1-306,"Digital Camera, Prodico 2.7"" Mini Video Camera HD Digital Point Shoot Camera for Kids (Black)",14,4.4,35.99
B07TBMS84Q,https://www.amazon.com/Digital-Cameras-Point-Cameras-Travel-Camping/dp/B07TBMS84Q/ref=sr_1_207?qid=1568063095&s=electronics&sr=1-207,"HD Mini Digital Cameras,Point and Shoot Digital Video Cameras-Travel,Camping,Gifts",11,5.0,40.88
B07TJ8NGX3,https://www.amazon.com/Nikon-COOLPIX-Digital-Camera-Black/dp/B07TJ8NGX3/ref=sr_1_219?qid=1568063108&s=electronics&sr=1-219,Nikon COOLPIX B500 Digital Camera (Black) - Essential Accessories Bundle,1,5.0,254.99
B07TKNCQZL,https://www.amazon.com/Canon-PowerShot-Digital-Camera-Screen/dp/B07TKNCQZL/ref=sr_1_86?qid=1568063009&s=electronics&sr=1-86,"Canon PowerShot Digital Camera [G7 X Mark III] with Wi-Fi & NFC, LCD Screen and 4K Video - Black",11,2.3,749.0
B07TMRKP5T,https://www.amazon.com/Canon-PowerShot-Digital-Camera-Screen/dp/B07TMRKP5T/ref=sr_1_133?qid=1568063048&s=electronics&sr=1-133,"Canon PowerShot Digital Camera [G7 X Mark III] with Wi-Fi & NFC, LCD Screen and 4K Video - Silver",11,2.3,749.0
B07TMRQ72F,https://www.amazon.com/Canon-PowerShot-Digital-Camera-Enabled/dp/B07TMRQ72F/ref=sr_1_44?qid=1568062970&s=electronics&sr=1-44,"Canon PowerShot G5 X Mark II Digital Camera w/ 1 Inch Sensor, Wi-Fi & NFC Enabled, Black",5,4.0,899.0
B07TVMQ2FX,https://www.amazon.com/Underwater-Waterproof-Full-Color-Displays-Snorkeling/dp/B07TVMQ2FX/ref=sr_1_138?qid=1568063048&s=electronics&sr=1-138,Underwater Camera FHD 2.7K 48 MP Waterproof Digital Camera Selfie Dual Screen Full-Color LCD Displays Waterproof Digital Camera for Snorkeling (806BC),38,5.0,79.95
B07V2BQQB7,https://www.amazon.com/Canon-PowerShot-SX540-Replacement-Accessories/dp/B07V2BQQB7/ref=sr_1_48?qid=1568062970&s=electronics&sr=1-48,Canon PowerShot SX540 HS Digital Camera + 2x 32GB Memory Card + Camera Bag + Flexible Tripod + Replacement Battery & Travel Charger + USB Card Reader + Screen Protectors + Cleaning Cloth + Accessories,5,4.8,299.0
B07V6DKVCR,https://www.amazon.com/Dessports-Digital-4-0Inches-Anti-Shake-Vlogging/dp/B07V6DKVCR/ref=sr_1_312?qid=1568063189&s=electronics&sr=1-312,Dessports 24MP Digital Camera 4K Mini Point and Shoot 8X Zoom Camera 4.0Inches Touch Enable Anti-Shake HD Vlogging Video Camera for Youtube with Wide Angle Lens 16GB SD Card for Adults Outdoor Black,9,5.0,69.99
B07VF8BBGH,https://www.amazon.com/PowerShot-Digital-24-100mm-3637C001-Cleaning/dp/B07VF8BBGH/ref=sr_1_121?qid=1568063033&s=electronics&sr=1-121,"Canon PowerShot G7X Mark III 20.1MP 4K Digital Camera with 4.2X Optical Zoom Lens 24-100mm f/1.8-2.8 Black 3637C001 with 64GB Memory, Tripod, Camera Bag, HDMI Cable, Cleaning Kit Bundle",2,3.0,749.0
B07VG684WV,https://www.amazon.com/Digital-Vlogging-Rotation-Retractable-Flashlight/dp/B07VG684WV/ref=sr_1_224?qid=1568063108&s=electronics&sr=1-224,2.7K Digital Camera Vlogging Camera for YouTube 24.0MP Ultra HD WiFi Camera 3.0 Inch 180 Degree Rotation Flip Screen Retractable Flashlight,8,4.3,99.98
B07VGC13W5,https://www.amazon.com/Digital-Cameras-Point-Cameras-Travel-Camping/dp/B07VGC13W5/ref=sr_1_221?qid=1568063108&s=electronics&sr=1-221,"HD Mini Digital Cameras,21MP Point and Shoot Digital Video Cameras-Travel,Camping,Gifts (Black 1)",23,4.2,40.99
B07VPQV7BY,https://www.amazon.com/Sony-Premium-Compact-1-0-type-DSCRX100M7/dp/B07VPQV7BY/ref=lp_330405011_1_1/130-1508546-3910369?s=photo&ie=UTF8&qid=1568062948&sr=1-1,Sony RX100 VII Premium Compact Camera with 1.0-type stacked CMOS sensor (DSCRX100M7),7,4.5,1198.0
B07VQSRP7G,https://www.amazon.com/Digital-Vlogging-YouTube-Retractable-G03-GH3/dp/B07VQSRP7G/ref=sr_1_88?qid=1568063009&s=electronics&sr=1-88,Digital Camera Vlogging Camera 2.7K Full HD 24MP WiFi YouTube Camera with Flip Screen Retractable Flash Light and UV Lens (G03-GH3),39,3.7,99.99
